{
  "module": "Batch Ingestion & Formatting",
  "input_folder": "01_evidence/",
  "tasks": [
    {
      "action": "detect_new_files",
      "extensions": [
        ".txt",
        ".json"
      ],
      "output_format": "json",
      "destination": "01_evidence/transcripts/"
    },
    {
      "action": "convert_text_to_json",
      "rules": {
        "split_by": "speaker",
        "include": [
          "timestamps",
          "speaker",
          "content"
        ]
      },
      "note": "Example: 4 July 2025 (Two Interactions).txt \u2192 2025-07-04_Two_Interactions.json"
    }
  ]
}