{
  "title": "From Victim to Investigator: A Case Study in Forced Self-Advocacy",
  "version": "v2-structured",
  "updated": "2025-08-26_155310",
  "autochaptering": {
    "enabled": true,
    "policy": "Use headings when present; otherwise create a new chapter automatically when the rolling word count exceeds ~1500 words.",
    "target_words_per_chapter": 1500,
    "allow_dynamic_chapters": true
  },
  "source_files": [
    "3.1 - From Victim to Investigator_ A Case Study in Forced Self-Advocacy.docx.txt",
    "ONE_LINERS_CARDS_v1.md",
    "UNDERCOVER_VICTIM_QUOTE_BANK_v1 (1).json"
  ],
  "stats": {
    "total_paragraphs": 1,
    "total_words": 399,
    "chapter_count": 7
  },
  "chapters": [
    {
      "id": "sec2_intro",
      "title": "2.0 — The Core Complaint & Timeline of Failures",
      "order": 20,
      "paragraphs": [
        "“This complaint is built upon a body of evidence whose quality is a direct result of systemic failure.” — Ben Carter",
        "Safeguarding was breached. Evidence was mishandled. Suicide risk went unlogged. Misconduct became minimisation. This section sets out the chronology of those failures, and the contradictions they produced."
      ]
    },
    {
      "id": "sec2_july",
      "title": "2.1 — July Call and the Deletion Log",
      "order": 21,
      "paragraphs": [
        "“Where they chose silence, I created record.” — Ben Carter",
        "July 2024 — my first submission. By November, a log note recorded that the key audio had been 'listened to & deleted.'",
        "A record of risk was treated as disposable. Audit trails evaporated. Safeguarding turned into silence."
      ]
    },
    {
      "id": "sec2_bail",
      "title": "2.2 — Bail Confirmation Mishandled",
      "order": 22,
      "paragraphs": [
        "“Feeling I had ‘taken on the fucking police and won,’ I escalated my case to the IOPC.” — Ben Carter",
        "February–March 2025 — during the bail confirmation period, my abuser was forwarded unredacted material. Sussex Police turned safeguarding into exposure, GDPR into refusal. ",
        "At the same time, they visited my flat without BWV. My safety was paper-thin, their records incomplete."
      ]
    },
    {
      "id": "sec2_inversion",
      "title": "2.3 — Procedural Inversion & NFA to Suspect",
      "order": 23,
      "paragraphs": [
        "“POLICE PLEASE — not a plea, a prophecy.” — Ben Carter",
        "22 April 2025: lawful conduct reframed as suspect. Five days later, on 27 April, an NFA-style message was sent to the suspect before any safeguarding meeting.",
        "The victim was still waiting for protection; the suspect received closure. This inversion stands as proof of bias and premature communication."
      ]
    },
    {
      "id": "sec2_suicide_sar",
      "title": "2.4 — Suicide Attempt and SAR Refusal",
      "order": 24,
      "paragraphs": [
        "“The system did not just fail to protect me; it created the conditions that required this extraordinary level of self‑advocacy to simply survive.” — Ben Carter",
        "April 2025 — my suicide attempt was not logged. By June, when I filed a Subject Access Request to test the system, it was refused after case closure.",
        "The denial confirmed the pattern: disclosures erased, data blocked, survival weaponised against me."
      ]
    },
    {
      "id": "sec2_fringe",
      "title": "2.5 — Brighton Fringe Retaliation",
      "order": 25,
      "paragraphs": [
        "“One big apple rotting from its core.” — Ben Carter",
        "Brighton Fringe received safeguarding disclosures in May–June 2025. They withheld their minutes, erased my name, and rewrote the record.",
        "Where law required governance, they chose reputation. Where safety required disclosure, they chose silence."
      ]
    },
    {
      "id": "ch01",
      "title": "Chapter 1",
      "order": 1,
      "start_paragraph": 1,
      "end_paragraph": 1,
      "word_count": 399,
      "paragraphs": [
        "﻿Section 3.1: From Victim to Investigator: A Case Study in Forced Self-Advocacy This complaint is built upon a body of evidence whose quality is a direct result of systemic failure. The documentation herein is not the product of a well-managed process, but a testament to the resilience required to survive institutional gaslighting. I, the victim, was forced to become the chief investigator, auditor, and archivist of my own case. This section analyses the strategic approach I was compelled to adopt.\n* Strategic Navigation of Police Misconduct: My interactions with Sussex Police demonstrate a persistent and strategic effort to establish accountability. Feeling I had \"taken on the fucking police and won,\" I escalated my case to the IOPC after identifying a pattern of misconduct. This included documenting bail breaches, the failure to log a suicide attempt, and challenging PC Dixon's ongoing, inappropriate involvement in my case long after I had formally revoked his authority. My persistent follow-ups on a Subject Access Request (SAR), citing UK GDPR and copying in the IOPC, were a deliberate strategy to force transparency from an obstructive system.\n* Managing Institutional Betrayal (Brighton Fringe): I demonstrated a proactive approach to managing the complex and contradictory interactions with Brighton Fringe. I challenged their \"takeover\" vs. \"support\" narrative, documented their alleged safeguarding and data breaches, and formally withdrew my venues to ensure public safety when it became clear they would not. This was a strategic move to regain control of my business and reputation after they had attempted to erase me from their own work.\n* The Meticulous Construction of \"Courtroom-Ready\" Evidence: The documentation in this bundle is of a high standard, achieved out of necessity. I documented every interaction, created logical structures for evidence (such as the Venue Page Template), asserted my legal rights under GDPR with precision, and used comprehensive CC lists on emails to ensure wide regulatory visibility. This was not a hobby; it was a survival tactic.\n* Resilience as an Evidentiary Factor: Despite the profound personal trauma, which included a documented suicide attempt and a subsequent diagnosis of complex PTSD, my focus remained on achieving justice. This resilience, and the ability to translate extreme distress into actionable, forensic evidence, is itself a testament to the scale of the institutional failure. The system did not just fail to protect me; it created the conditions that required this extraordinary level of self-advocacy to simply survive."
      ]
    }
  ],
  "excerpts": [
    {
      "source": "main",
      "chapter_id": "ch01",
      "text": "﻿Section 3.1: From Victim to Investigator: A Case Study in Forced Self-Advocacy This complaint is built upon a body of evidence whose quality is a direct result of systemic failure. The documentation herein is not the product of a well-managed process, but a testament to the resilience required to survive institutional gaslighting. I, the victim, was forced to become the chief investigator, auditor, and archivist of my own case. This section analyses the strategic approach I was compelled to adopt.\n* Strategic Navigation of Police Misconduct: My interactions with Sussex Police demonstrate a persistent and strategic effort to establish accountability. Feeling I had \"taken on the fucking police and won,\" I escalated my case to the IOPC after identifying a pattern of misconduct. This included documenting bail breaches, the failure to log a suicide attempt, and challenging PC Dixon's ongoing, inappropriate involvement in my case long after I had formally revoked his authority. My persistent follow-ups on a Subject Access Request (SAR), citing UK GDPR and copying in the IOPC, were a deliberate strategy to force transparency from an obstructive system.\n* Managing Institutional Betrayal (Brighton Fringe): I demonstrated a proactive approach to managing the complex and contradictory interactions with Brighton Fringe. I challenged their \"takeover\" vs. \"support\" narrative, documented their alleged safeguarding and data breaches, and formally withdrew my venues to ensure public safety w",
      "tags": []
    }
  ],
  "quotes": [
    {
      "text": "It’s my story — but it’s been written by someone else.",
      "source": "quote_bank",
      "tags": []
    },
    {
      "text": "It’s not worth risking your life just to feel safe.",
      "source": "quote_bank",
      "tags": []
    },
    {
      "text": "Police, please.",
      "source": "quote_bank",
      "tags": []
    },
    {
      "text": "One big apple rotting from its core.",
      "source": "quote_bank",
      "tags": []
    },
    {
      "text": "Coercion becomes a dance.",
      "source": "quote_bank",
      "tags": []
    },
    {
      "text": "They saw, paused, reflected — and chose death.",
      "source": "quote_bank",
      "tags": []
    },
    {
      "text": "The pattern now is no reply.",
      "source": "quote_bank",
      "tags": []
    },
    {
      "text": "[Add your line here]",
      "source": "quote_bank",
      "tags": []
    },
    {
      "text": "Give in or give up? I chose survival.",
      "source": "quote_bank",
      "tags": []
    },
    {
      "text": "This is just survival.",
      "source": "quote_bank",
      "tags": []
    },
    {
      "text": "The more you deflected... the more I reflected. The more you deflected... I’d withdraw.",
      "source": "quote_bank",
      "tags": []
    },
    {
      "text": "My first life didn’t matter. My second one really does — to them, not me.",
      "source": "quote_bank",
      "tags": []
    },
    {
      "text": "This is the voice they feared. This is the voice they didn’t want you to hear.",
      "source": "quote_bank",
      "tags": []
    },
    {
      "text": "This complaint is built upon a body of evidence whose quality is a direct result of systemic failure. The documentation herein is not the product of a well-managed process, but a testament to the resilience required to survive institutional gaslighting.",
      "source": "quote_bank",
      "tags": []
    },
    {
      "text": "POLICE PLEASE — not a plea, a prophecy.",
      "source": "quote_bank",
      "tags": []
    },
    {
      "text": "Where they chose silence, I created record.",
      "source": "quote_bank",
      "tags": []
    },
    {
      "text": "You’ll say no, then think why I’m wrong. But you’re wrong — wired wrong.",
      "source": "quote_bank",
      "tags": []
    },
    {
      "text": "The world’s so ugly when I look through your eyes. I see beauty when I look out of mine.",
      "source": "quote_bank",
      "tags": []
    },
    {
      "text": "When you’ve killed me, will you still not have closure?",
      "source": "quote_bank",
      "tags": []
    },
    {
      "text": "I, the victim, was forced to become the chief investigator, auditor, and archivist of my own case.",
      "source": "quote_bank",
      "tags": []
    },
    {
      "text": "Feeling I had ‘taken on the fucking police and won,’ I escalated my case to the IOPC after identifying a pattern of misconduct.",
      "source": "quote_bank",
      "tags": []
    },
    {
      "text": "I demonstrated a proactive approach to managing the complex and contradictory interactions with Brighton Fringe.",
      "source": "quote_bank",
      "tags": []
    },
    {
      "text": "This was not a hobby; it was a survival tactic.",
      "source": "quote_bank",
      "tags": []
    },
    {
      "text": "This resilience, and the ability to translate extreme distress into actionable, forensic evidence, is itself a testament to the scale of the institutional failure.",
      "source": "quote_bank",
      "tags": []
    },
    {
      "text": "The system did not just fail to protect me; it created the conditions that required this extraordinary level of self-advocacy to simply survive.",
      "source": "quote_bank",
      "tags": []
    },
    {
      "text": "# One‑Liners — Cards Deck (Drop‑in)",
      "source": "one_liners",
      "tags": []
    },
    {
      "text": "## Q-UV-0101",
      "source": "one_liners",
      "tags": []
    },
    {
      "text": "“Give in or give up? I chose survival.” — *Ben Carter*",
      "source": "one_liners",
      "tags": []
    },
    {
      "text": "VEX tags:** `RESOLVE_AFTER_ATTEMPT, SURVIVAL_TACTIC`",
      "source": "one_liners",
      "tags": []
    },
    {
      "text": "Use in:** Coercion Becomes a Dance, The Maggots’ Law",
      "source": "one_liners",
      "tags": []
    },
    {
      "text": "Placements:** chapter_epigraph, interlude, margin_callout",
      "source": "one_liners",
      "tags": []
    },
    {
      "text": "## Q-UV-0102",
      "source": "one_liners",
      "tags": []
    },
    {
      "text": "“This is just survival.” — *Ben Carter*",
      "source": "one_liners",
      "tags": []
    },
    {
      "text": "## Q-UV-0103",
      "source": "one_liners",
      "tags": []
    },
    {
      "text": "“The more you deflected... the more I reflected. The more you deflected... I’d withdraw.” — *Ben Carter*",
      "source": "one_liners",
      "tags": []
    },
    {
      "text": "VEX tags:** `DEATH_BY_SILENCE, INVERSION, REPUTATIONAL_HARM`",
      "source": "one_liners",
      "tags": []
    },
    {
      "text": "Use in:** Coercion Becomes a Dance",
      "source": "one_liners",
      "tags": []
    },
    {
      "text": "## Q-UV-0104",
      "source": "one_liners",
      "tags": []
    },
    {
      "text": "“My first life didn’t matter. My second one really does — to them, not me.” — *Ben Carter*",
      "source": "one_liners",
      "tags": []
    },
    {
      "text": "VEX tags:** `CORE_ROT, DISSOCIATION_EFFECT, REPUTATIONAL_HARM`",
      "source": "one_liners",
      "tags": []
    },
    {
      "text": "Use in:** The Maggots’ Law",
      "source": "one_liners",
      "tags": []
    },
    {
      "text": "## Q-UV-0105",
      "source": "one_liners",
      "tags": []
    },
    {
      "text": "“This is the voice they feared. This is the voice they didn’t want you to hear.” — *Ben Carter*",
      "source": "one_liners",
      "tags": []
    },
    {
      "text": "VEX tags:** `REPUTATIONAL_HARM, VOICE_SUPPRESSION`",
      "source": "one_liners",
      "tags": []
    },
    {
      "text": "## Q-UV-0106",
      "source": "one_liners",
      "tags": []
    },
    {
      "text": "VEX tags:** `INSTITUTIONAL_GASLIGHTING, RESILIENCE_EVIDENCE, SELF_DOCUMENTATION_MODE, SYSTEMIC_FAILURE`",
      "source": "one_liners",
      "tags": []
    },
    {
      "text": "Use in:** Section 2 — Core Complaint, The Maggots’ Law",
      "source": "one_liners",
      "tags": []
    },
    {
      "text": "Placements:** foreword_epigraph, chapter_epigraph",
      "source": "one_liners",
      "tags": []
    },
    {
      "text": "## Q-UV-0107",
      "source": "one_liners",
      "tags": []
    },
    {
      "text": "“POLICE PLEASE — not a plea, a prophecy.” — *Ben Carter*",
      "source": "one_liners",
      "tags": []
    },
    {
      "text": "VEX tags:** `ORIGIN_PROPHECY, SAFEGUARDING_FAILURE`",
      "source": "one_liners",
      "tags": []
    },
    {
      "text": "## Q-UV-0108",
      "source": "one_liners",
      "tags": []
    },
    {
      "text": "“Where they chose silence, I created record.” — *Ben Carter*",
      "source": "one_liners",
      "tags": []
    },
    {
      "text": "VEX tags:** `CREATE_RECORD, DEATH_BY_SILENCE`",
      "source": "one_liners",
      "tags": []
    },
    {
      "text": "## Q-UV-0109",
      "source": "one_liners",
      "tags": []
    },
    {
      "text": "“You’ll say no, then think why I’m wrong. But you’re wrong — wired wrong.” — *Ben Carter*",
      "source": "one_liners",
      "tags": []
    },
    {
      "text": "VEX tags:** `SYSTEMIC_FAILURE, SYSTEM_WIRED_WRONG`",
      "source": "one_liners",
      "tags": []
    },
    {
      "text": "## Q-UV-0110",
      "source": "one_liners",
      "tags": []
    },
    {
      "text": "“The world’s so ugly when I look through your eyes. I see beauty when I look out of mine.” — *Ben Carter*",
      "source": "one_liners",
      "tags": []
    },
    {
      "text": "VEX tags:** `PERSPECTIVE_SHIFT`",
      "source": "one_liners",
      "tags": []
    },
    {
      "text": "Use in:** Interludes",
      "source": "one_liners",
      "tags": []
    },
    {
      "text": "## Q-UV-0111",
      "source": "one_liners",
      "tags": []
    },
    {
      "text": "“When you’ve killed me, will you still not have closure?” — *Ben Carter*",
      "source": "one_liners",
      "tags": []
    },
    {
      "text": "VEX tags:** `MORTAL_RISK_STATEMENT, REPUTATIONAL_HARM`",
      "source": "one_liners",
      "tags": []
    },
    {
      "text": "## Q-UV-0112",
      "source": "one_liners",
      "tags": []
    },
    {
      "text": "“I, the victim, was forced to become the chief investigator, auditor, and archivist of my own case.” — *Ben Carter*",
      "source": "one_liners",
      "tags": []
    },
    {
      "text": "VEX tags:** `CHIEF_INVESTIGATOR, ONUS_PROBANDI_LOGIC`",
      "source": "one_liners",
      "tags": []
    },
    {
      "text": "Use in:** Coercion Becomes a Dance, From Victim to Investigator",
      "source": "one_liners",
      "tags": []
    },
    {
      "text": "## Q-UV-0113",
      "source": "one_liners",
      "tags": []
    },
    {
      "text": "“Feeling I had ‘taken on the fucking police and won,’ I escalated my case to the IOPC after identifying a pattern of misconduct.” — *Ben Carter*",
      "source": "one_liners",
      "tags": []
    },
    {
      "text": "VEX tags:** `ESCALATION_IOPC, MISCONDUCT_PATTERN`",
      "source": "one_liners",
      "tags": []
    },
    {
      "text": "## Q-UV-0114",
      "source": "one_liners",
      "tags": []
    },
    {
      "text": "“I demonstrated a proactive approach to managing the complex and contradictory interactions with Brighton Fringe.” — *Ben Carter*",
      "source": "one_liners",
      "tags": []
    },
    {
      "text": "VEX tags:** `BRIGHTON_FRINGE_COMPLEXITY, TIMELINE_MANIPULATION`",
      "source": "one_liners",
      "tags": []
    },
    {
      "text": "Use in:** Brighton Fringe",
      "source": "one_liners",
      "tags": []
    },
    {
      "text": "## Q-UV-0115",
      "source": "one_liners",
      "tags": []
    },
    {
      "text": "“This was not a hobby; it was a survival tactic.” — *Ben Carter*",
      "source": "one_liners",
      "tags": []
    },
    {
      "text": "VEX tags:** `SURVIVAL_TACTIC`",
      "source": "one_liners",
      "tags": []
    },
    {
      "text": "## Q-UV-0116",
      "source": "one_liners",
      "tags": []
    },
    {
      "text": "“This resilience, and the ability to translate extreme distress into actionable, forensic evidence, is itself a testament to the scale of the institutional failure.” — *Ben Carter*",
      "source": "one_liners",
      "tags": []
    },
    {
      "text": "VEX tags:** `RESILIENCE_EVIDENCE, SELF_DOCUMENTATION_MODE, SYSTEMIC_FAILURE`",
      "source": "one_liners",
      "tags": []
    },
    {
      "text": "## Q-UV-0117",
      "source": "one_liners",
      "tags": []
    },
    {
      "text": "“The system did not just fail to protect me; it created the conditions that required this extraordinary level of self-advocacy to simply survive.” — *Ben Carter*",
      "source": "one_liners",
      "tags": []
    },
    {
      "text": "VEX tags:** `SAFEGUARDING_FAILURE, SYSTEMIC_FAILURE`",
      "source": "one_liners",
      "tags": []
    }
  ],
  "tags": [
    "SAFEGUARDING_FAILURE",
    "EVIDENCE_SUPPRESSION",
    "INSTITUTIONAL_GASLIGHTING",
    "DEATH_BY_SILENCE",
    "CROWBARRING_MYSELF_JUSTICE",
    "SUSSEX_POLICE",
    "BRIGHTON_FRINGE",
    "VERITAS_JUSTICE",
    "SUICIDE_DISCLOSURE",
    "TIMELINE_CONTRADICTIONS"
  ]
}