{
  "id": "EMAIL_2025-06-25_1121_Veritas_EmmaJones_Your_Safety_Plan",
  "type": "email",
  "subject": "Your Safety Plan",
  "from": {
    "name": "Emma Jones",
    "email": "emma.jones@veritas-justice.co.uk"
  },
  "to": [
    {
      "name": "Ben Carter",
      "email": "benrobcarter@gmail.com"
    }
  ],
  "date_iso": "2025-06-25T11:21:00+01:00",
  "timezone": "Europe/London",
  "body_text_path": "/mnt/data/EMAIL_2025-06-25_1121_Veritas_EmmaJones_Your_Safety_Plan.txt",
  "attachments": [
    {
      "id": "EVID_2025-06-25_1121_Safety_Plan_BC",
      "filename_original": "Safety Plan BC .pdf",
      "status": "present"
    },
    {
      "id": "EVID_2025-06-25_1121_image_tiff",
      "filename_original": "image.tiff",
      "status": "missing_placeholder"
    }
  ],
  "vex": {
    "sentences": [
      {
        "text": "As per my previous e-mail, please see attached your safety plan.",
        "tags": [
          "ATTACHMENT_DELIVERY",
          "FOLLOW_UP_EMAIL",
          "SAFETY_PLAN_REFERENCE"
        ],
        "tones": [
          "brief"
        ],
        "contradictions": [
          "ATTACHMENT_CLAIM_CONFIRMED"
        ],
        "notes": ""
      },
      {
        "text": "Best wishes, Emma",
        "tags": [
          "CLOSE"
        ],
        "tones": [
          "polite"
        ],
        "contradictions": [],
        "notes": ""
      }
    ],
    "tags": [
      "ATTACHMENT_DELIVERY",
      "FOLLOW_UP_EMAIL",
      "SAFETY_PLAN_REFERENCE",
      "EmailThread"
    ],
    "timeline_hooks": [
      "EmailThread",
      "ExternalConfirmations"
    ],
    "legal_refs": [
      "VictimsCode"
    ]
  },
  "related_evidence_ids": [
    "EVID_2025-06-25_1121_Your_Safety_Plan",
    "EVID_2025-06-25_1121_Safety_Plan_BC"
  ],
  "notes": "Email 2 transmits the safety plan attachment. Also references a small image.tiff."
}