{
  "meta": {
    "name": "MASTER_COMPLAINT_INDEX",
    "version": "v1",
    "created_utc": "2025-08-26T04:11:18.549514Z",
    "source_of_truth": "Master Complaint.txt",
    "project_tags": [
      "SAR_OBSTRUCTION",
      "SAFEGUARDING_FAILURE",
      "VICTIM_DISCLOSURE_SUPPRESSION",
      "DEATH_BY_SILENCE",
      "ONUS_PROBANDI_LOGIC"
    ],
    "case_references": [
      "47240141246",
      "47240214305",
      "CIT1201684"
    ]
  },
  "sections": [
    {
      "id": "s1_foreword",
      "title": "Complainant\u2019s Foreword",
      "source_file": "01_ Complainant\u2019s Foreword.txt",
      "notes": "Sets narrative frame, references Kim Box and purpose of documentation.",
      "status": "indexed"
    },
    {
      "id": "s2_core_complaint",
      "title": "The Core Complaint & Timeline of Failures",
      "source_file": "Section 2_ The Core Complaint & Timeline of Failure.docx.txt",
      "notes": "Allegations list + three interconnected timelines (Sussex Police, Brighton Fringe, Personal Evidence).",
      "status": "indexed"
    },
    {
      "id": "sX_master_complaint_full",
      "title": "Master Complaint (Full)",
      "source_file": "Master Complaint.txt",
      "notes": "Primary narrative and evidence map; overrides earlier sections if discrepancies exist.",
      "status": "indexed"
    }
  ],
  "allegations": [
    "Catastrophic safeguarding breaches by Sussex Police",
    "Evidence tampering and data suppression",
    "Gross mishandling of suicide risk",
    "Institutional minimisation across multiple parties",
    "Potential misconduct in public office",
    "Retaliation and governance failures by Brighton Fringe Ltd."
  ],
  "timelines": {
    "t1_sussex_police_chronology": [
      {
        "order": 1,
        "date_range": "2024-07 to 2024-11",
        "summary": "Initial report, dismissal by PC Gore, and alleged deletion of recordings by PC Jon Dixon (7 Nov 2024).",
        "parties": [
          "Sussex Police",
          "PC Gore",
          "PC Jon Dixon"
        ],
        "breaches": [
          "safeguarding",
          "evidence_handling"
        ],
        "contradictions": [
          "LOST_EVIDENCE_SUSSEX_POLICE"
        ],
        "status": "seeded"
      },
      {
        "order": 2,
        "date_range": "2025-02 to 2025-04",
        "summary": "Victim-blaming and procedural breaches including unredacted email forward (12 Feb 2025), no BWV on flat visit, and inversion on 22 Apr 2025.",
        "parties": [
          "Sussex Police",
          "PC Jon Dixon"
        ],
        "breaches": [
          "data_protection",
          "procedure",
          "victim_blaming"
        ],
        "status": "seeded"
      },
      {
        "order": 3,
        "date_range": "2025-04 to 2025-05",
        "summary": "Conflicting case start dates; 27 Apr 2025 NFA email to suspect prior to scheduled safeguarding meeting.",
        "parties": [
          "Sussex Police",
          "PC Jon Dixon"
        ],
        "breaches": [
          "process_integrity",
          "safeguarding"
        ],
        "status": "seeded"
      },
      {
        "order": 4,
        "date_range": "2025-04 to 2025-06",
        "summary": "SAR obstruction; suicide attempt on 6 Apr 2025 not logged; 22 Apr misuse of GDPR; 25 Jun SAR refusal after closure.",
        "parties": [
          "Sussex Police",
          "SAR Team"
        ],
        "breaches": [
          "gdpr",
          "safeguarding",
          "record_keeping"
        ],
        "status": "seeded"
      }
    ],
    "t2_brighton_fringe_consequences": [
      {
        "order": 1,
        "date_range": "2025-05",
        "summary": "Safeguarding disclosures sent to Brighton Fringe; no action taken.",
        "parties": [
          "Brighton Fringe Ltd."
        ],
        "breaches": [
          "safeguarding_omission"
        ],
        "status": "seeded"
      },
      {
        "order": 2,
        "date_range": "2025-05 to 2025-06",
        "summary": "Retaliation, defamation claims, contact with GP without consent, and narrative control/erasure of branding.",
        "parties": [
          "Brighton Fringe Ltd.",
          "Duncan Lustig-Prean"
        ],
        "breaches": [
          "governance",
          "data_protection",
          "reputation_management"
        ],
        "status": "seeded"
      }
    ],
    "t3_personal_evidence_construction": [
      {
        "order": 1,
        "date_range": "2025-04 to 2025-06",
        "summary": "Lockdown of evidence after learning suicide attempt not logged; full preservation of calls/voicemails; SAR filed 8 Apr 2025 and refused 25 Jun 2025.",
        "parties": [
          "Complainant"
        ],
        "breaches": [
          "gdpr",
          "victims_code_context"
        ],
        "status": "seeded"
      }
    ]
  },
  "contradiction_threads": [
    {
      "id": "LOST_EVIDENCE_SUSSEX_POLICE",
      "title": "Lost/Deleted Recordings & Evidence Handling",
      "status": "open"
    },
    {
      "id": "CROWBARRING_MYSELF_JUSTICE",
      "title": "11 April 2025 101 Calls \u2014 Forcing Safeguarding",
      "status": "open"
    },
    {
      "id": "DEATH_BY_SILENCE",
      "title": "Silence as Escalating Harm (all parties)",
      "status": "active"
    },
    {
      "id": "DUNCAN_ASSISTED_ERASURE",
      "title": "Brand/Narrative Erasure & Retaliation",
      "status": "open"
    }
  ],
  "processing_rules": {
    "flag_undated_evidence": true,
    "vex_sentence_level": true,
    "separate_thread_emails": true,
    "auto_link_death_by_silence": true
  },
  "parse_queue": [
    {
      "priority": 1,
      "file": "Master Complaint.txt",
      "task": "Sentence-level VEX extraction, contradictions spawn, timeline hooks",
      "status": "pending"
    },
    {
      "priority": 2,
      "file": "Section 2_ The Core Complaint & Timeline of Failure.docx.txt",
      "task": "Cross-check timelines & allegations; reconcile with Master Complaint",
      "status": "pending"
    },
    {
      "priority": 3,
      "file": "01_ Complainant\u2019s Foreword.txt",
      "task": "Extract quotes, emotional anchors, public-facing intro",
      "status": "pending"
    }
  ],
  "next_actions": [
    "Run VEX extractor on Master Complaint",
    "Open contradiction threads with source links",
    "Inject timeline hooks and date checks",
    "Flag any undated references for user confirmation"
  ]
}