{
  "bundle_name": "PROJECT_FILE_SYNCED_2025-08-24.zip",
  "created_at": "2025-08-24T22:56:19.341649Z",
  "included_count": 20,
  "missing_count": 1,
  "included": [
    "DigitalPolicing_Batch_2024-11-04_A",
    "MASTER_EVIDENCE_WORKBOOK_DASH_20250824-220341Z_NICE_FINAL_TIMELINE_PATCHED.xlsx",
    "LIVE_VEX_TIMELINE_PATCHED_PEARSON_HANDOFF.json",
    "NICE_Timeline_PEARSON_HANDOFF_PATCH.csv",
    "NICE_Timeline_PEARSON_HANDOFF_PATCH.json",
    "MASTER_CONTRADICTIONS_INJECTED_2025-06-05.json",
    "EX_VERITAS_CHAT_CONTRADICTION_2025.json",
    "CONTRADICTION_MATRIX_PHHC_BATCH_01.json",
    "PHHC_EMAILS_COMBINED_FULL.json",
    "PHHC_VEX_TAGGED_EMAIL_TIMELINE_FULL.json",
    "NICE_LINKS_INTAKE_ADD_2024-11-04-0536.csv",
    "TRACKER_ROW_2024-11-04-0536_Digital-Policing_to_Ben.csv",
    "UNIVERSAL_VEX_ENFORCEMENT_DIRECTIVE.json",
    "EXHIBIT_PIPELINE_README.txt",
    "EXHIBIT_PIPELINE_README_v1.2.txt",
    "EMAIL_EXHIBIT_TEMPLATE_v1.2.json",
    "EMAIL_EXHIBIT_TEMPLATE_v1.1.json",
    "unified_audit_report.json",
    "project_batch_workflow_module.py",
    "manifest.json"
  ],
  "missing": [
    "DUNCAN_ATTEMPTED_MURDER_CONTRADICTION_PATCH.json"
  ]
}