{
  "bundle_name": "PROJECT_FILE_SYNCED_2025-08-24_v3.zip",
  "created_at": "2025-08-24T23:15:42.922054Z",
  "included": [
    "DigitalPolicing_Batch_2024-11-04_A",
    "MASTER_EVIDENCE_WORKBOOK_DASH_20250824-220341Z_NICE_FINAL_TIMELINE_PATCHED.xlsx",
    "LIVE_VEX_TIMELINE_PATCHED_PEARSON_HANDOFF.json",
    "NICE_Timeline_PEARSON_HANDOFF_PATCH.csv",
    "NICE_Timeline_PEARSON_HANDOFF_PATCH.json",
    "MASTER_CONTRADICTIONS_INJECTED_2025-06-05.json",
    "DUNCAN_ATTEMPTED_MURDER_CONTRADICTION_PATCH.json",
    "EX_VERITAS_CHAT_CONTRADICTION_2025.json",
    "CONTRADICTION_MATRIX_PHHC_BATCH_01.json",
    "PHHC_EMAILS_COMBINED_FULL.json",
    "PHHC_VEX_TAGGED_EMAIL_TIMELINE_FULL.json",
    "NICE_LINKS_INTAKE_ADD_2024-11-04-0536.csv",
    "TRACKER_ROW_2024-11-04-0536_Digital-Policing_to_Ben.csv",
    "UNIVERSAL_VEX_ENFORCEMENT_DIRECTIVE.json",
    "EXHIBIT_PIPELINE_README.txt",
    "EXHIBIT_PIPELINE_README_v1.2.txt",
    "EMAIL_EXHIBIT_TEMPLATE_v1.2.json",
    "EMAIL_EXHIBIT_TEMPLATE_v1.1.json",
    "unified_audit_report.json",
    "project_batch_workflow_module.py",
    "manifest.json",
    "PUBLIC_BUNDLE_SUMMARY_SAR_SUSSEX_POLICE.json",
    "COMPENSATION_CLAIM_MATRIX_SUSSEX_POLICE.json",
    "SUSSEX_POLICE_SAFEGUARDING_BREAKDOWN_MAY_2025.json"
  ],
  "missing": [],
  "v3_notes": "SAR suppression JSONs restored"
}