{
  "id": "3.10",
  "title": "The Advocate's Gambit: Weaponizing the Victim's Statement",
  "evidence_refs": [
    "27_04_25_Veritas_calls_ben_Carter_to_confuse_him_further.vtt",
    "27_04_25_Veritas_Call_Audio.mp3"
  ],
  "contradictions": [
    "FALSE_ALLEGATION_USED_AS_COERCION",
    "ADVOCACY_COOPTED",
    "INSTITUTIONAL_GASLIGHTING"
  ],
  "timeline_hooks": [
    "t1_sussex_police_chronology"
  ],
  "legal_breaches": [
    "VictimsCode",
    "PACE_1984_StatementAccuracy",
    "CPS_Safeguarding_Strategy"
  ]
}