{
  "meta": {
    "name": "UNDERCOVER_VICTIM_QUOTE_BANK",
    "version": "v1",
    "updated_utc": "2025-08-26T05:58:34.708000Z"
  },
  "quotes": [
    {
      "id": "Q-UV-0001",
      "text": "It\u2019s my story \u2014 but it\u2019s been written by someone else.",
      "speaker": "Ben Carter",
      "suggested_placement": [
        "foreword_epigraph",
        "chapter_epigraph"
      ],
      "vex_tags": [
        "REPUTATIONAL_HARM",
        "ONUS_PROBANDI_LOGIC"
      ],
      "chapters": [
        "The Maggots\u2019 Law",
        "Coercion Becomes a Dance"
      ],
      "timelines": [],
      "tone": "defiant",
      "status": "approved",
      "notes": "Use on public pages and PDF pull-quotes."
    },
    {
      "id": "Q-UV-0002",
      "text": "It\u2019s not worth risking your life just to feel safe.",
      "speaker": "Ben Carter",
      "suggested_placement": [
        "safeguarding_interlude",
        "chapter_epigraph"
      ],
      "vex_tags": [
        "SAFEGUARDING_FAILURE",
        "DEATH_BY_SILENCE"
      ],
      "chapters": [
        "The Maggots\u2019 Law"
      ],
      "timelines": [
        "Death By Silence"
      ],
      "tone": "cautionary",
      "status": "approved",
      "notes": ""
    },
    {
      "id": "Q-UV-0003",
      "text": "Police, please.",
      "speaker": "Ben Carter",
      "date_context": "2024-07-21",
      "suggested_placement": [
        "timeline_marker",
        "margin_callout"
      ],
      "vex_tags": [
        "SAFEGUARDING_FAILURE"
      ],
      "chapters": [
        "Coercion Becomes a Dance"
      ],
      "timelines": [
        "SussexPolice"
      ],
      "tone": "plea",
      "status": "approved",
      "notes": "Use as the project\u2019s origin refrain."
    },
    {
      "id": "Q-UV-0004",
      "text": "One big apple rotting from its core.",
      "speaker": "Ben Carter",
      "suggested_placement": [
        "chapter_epigraph"
      ],
      "vex_tags": [
        "CORE_ROT"
      ],
      "chapters": [
        "The Maggots\u2019 Law"
      ],
      "timelines": [],
      "tone": "blunt",
      "status": "approved"
    },
    {
      "id": "Q-UV-0005",
      "text": "Coercion becomes a dance.",
      "speaker": "Ben Carter",
      "suggested_placement": [
        "chapter_epigraph",
        "interlude"
      ],
      "vex_tags": [
        "TIMELINE_MANIPULATION"
      ],
      "chapters": [
        "Coercion Becomes a Dance"
      ],
      "timelines": [],
      "tone": "observational",
      "status": "approved"
    },
    {
      "id": "Q-UV-0006",
      "text": "They saw, paused, reflected \u2014 and chose death.",
      "speaker": "Ben Carter",
      "suggested_placement": [
        "contradiction_card"
      ],
      "vex_tags": [
        "DEATH_BY_SILENCE",
        "SAFEGUARDING_FAILURE"
      ],
      "chapters": [
        "The Maggots\u2019 Law"
      ],
      "timelines": [
        "Death By Silence"
      ],
      "tone": "indictment",
      "status": "approved"
    },
    {
      "id": "Q-UV-0007",
      "text": "The pattern now is no reply.",
      "speaker": "Ben Carter",
      "suggested_placement": [
        "timeline_marker",
        "interlude"
      ],
      "vex_tags": [
        "DEATH_BY_SILENCE"
      ],
      "chapters": [
        "The Maggots\u2019 Law",
        "Coercion Becomes a Dance"
      ],
      "timelines": [
        "Death By Silence"
      ],
      "tone": "matter_of_fact",
      "status": "draft",
      "notes": "Lift exact wording from WhatsApp export when available."
    },
    {
      "id": "Q-UV-0999",
      "text": "[Add your line here]",
      "speaker": "Ben Carter",
      "suggested_placement": [
        "chapter_epigraph",
        "interlude",
        "margin_callout"
      ],
      "vex_tags": [],
      "chapters": [],
      "timelines": [],
      "tone": "tbd",
      "status": "draft",
      "notes": "Placeholder for new lines you paste; we\u2019ll tag and place them."
    },
    {
      "id": "Q-UV-0101",
      "text": "Give in or give up? I chose survival.",
      "speaker": "Ben Carter",
      "suggested_placement": [
        "chapter_epigraph",
        "interlude",
        "margin_callout"
      ],
      "vex_tags": [
        "RESOLVE_AFTER_ATTEMPT",
        "SURVIVAL_TACTIC"
      ],
      "chapters": [
        "Coercion Becomes a Dance",
        "The Maggots\u2019 Law"
      ],
      "timelines": [],
      "tone": "defiant",
      "status": "approved"
    },
    {
      "id": "Q-UV-0102",
      "text": "This is just survival.",
      "speaker": "Ben Carter",
      "suggested_placement": [
        "chapter_epigraph",
        "interlude",
        "margin_callout"
      ],
      "vex_tags": [
        "RESOLVE_AFTER_ATTEMPT",
        "SURVIVAL_TACTIC"
      ],
      "chapters": [
        "Coercion Becomes a Dance",
        "The Maggots\u2019 Law"
      ],
      "timelines": [],
      "tone": "defiant",
      "status": "approved"
    },
    {
      "id": "Q-UV-0103",
      "text": "The more you deflected... the more I reflected. The more you deflected... I\u2019d withdraw.",
      "speaker": "Ben Carter",
      "suggested_placement": [
        "chapter_epigraph",
        "interlude",
        "margin_callout"
      ],
      "vex_tags": [
        "DEATH_BY_SILENCE",
        "INVERSION",
        "REPUTATIONAL_HARM"
      ],
      "chapters": [
        "Coercion Becomes a Dance"
      ],
      "timelines": [],
      "tone": "assertive",
      "status": "approved"
    },
    {
      "id": "Q-UV-0104",
      "text": "My first life didn\u2019t matter. My second one really does \u2014 to them, not me.",
      "speaker": "Ben Carter",
      "suggested_placement": [
        "chapter_epigraph",
        "interlude",
        "margin_callout"
      ],
      "vex_tags": [
        "CORE_ROT",
        "DISSOCIATION_EFFECT",
        "REPUTATIONAL_HARM"
      ],
      "chapters": [
        "The Maggots\u2019 Law"
      ],
      "timelines": [],
      "tone": "assertive",
      "status": "approved"
    },
    {
      "id": "Q-UV-0105",
      "text": "This is the voice they feared. This is the voice they didn\u2019t want you to hear.",
      "speaker": "Ben Carter",
      "suggested_placement": [
        "chapter_epigraph",
        "interlude",
        "margin_callout"
      ],
      "vex_tags": [
        "REPUTATIONAL_HARM",
        "VOICE_SUPPRESSION"
      ],
      "chapters": [
        "Coercion Becomes a Dance",
        "The Maggots\u2019 Law"
      ],
      "timelines": [],
      "tone": "assertive",
      "status": "approved"
    },
    {
      "id": "Q-UV-0106",
      "text": "This complaint is built upon a body of evidence whose quality is a direct result of systemic failure. The documentation herein is not the product of a well-managed process, but a testament to the resilience required to survive institutional gaslighting.",
      "speaker": "Ben Carter",
      "suggested_placement": [
        "foreword_epigraph",
        "chapter_epigraph"
      ],
      "vex_tags": [
        "INSTITUTIONAL_GASLIGHTING",
        "RESILIENCE_EVIDENCE",
        "SELF_DOCUMENTATION_MODE",
        "SYSTEMIC_FAILURE"
      ],
      "chapters": [
        "Section 2 \u2014 Core Complaint",
        "The Maggots\u2019 Law"
      ],
      "timelines": [],
      "tone": "assertive",
      "status": "approved"
    },
    {
      "id": "Q-UV-0107",
      "text": "POLICE PLEASE \u2014 not a plea, a prophecy.",
      "speaker": "Ben Carter",
      "suggested_placement": [
        "chapter_epigraph",
        "interlude",
        "margin_callout"
      ],
      "vex_tags": [
        "ORIGIN_PROPHECY",
        "SAFEGUARDING_FAILURE"
      ],
      "chapters": [
        "Coercion Becomes a Dance"
      ],
      "timelines": [],
      "tone": "defiant",
      "status": "approved"
    },
    {
      "id": "Q-UV-0108",
      "text": "Where they chose silence, I created record.",
      "speaker": "Ben Carter",
      "suggested_placement": [
        "chapter_epigraph",
        "interlude",
        "margin_callout"
      ],
      "vex_tags": [
        "CREATE_RECORD",
        "DEATH_BY_SILENCE"
      ],
      "chapters": [
        "Coercion Becomes a Dance"
      ],
      "timelines": [],
      "tone": "assertive",
      "status": "approved"
    },
    {
      "id": "Q-UV-0109",
      "text": "You\u2019ll say no, then think why I\u2019m wrong. But you\u2019re wrong \u2014 wired wrong.",
      "speaker": "Ben Carter",
      "suggested_placement": [
        "chapter_epigraph",
        "interlude",
        "margin_callout"
      ],
      "vex_tags": [
        "SYSTEMIC_FAILURE",
        "SYSTEM_WIRED_WRONG"
      ],
      "chapters": [
        "The Maggots\u2019 Law"
      ],
      "timelines": [],
      "tone": "assertive",
      "status": "approved"
    },
    {
      "id": "Q-UV-0110",
      "text": "The world\u2019s so ugly when I look through your eyes. I see beauty when I look out of mine.",
      "speaker": "Ben Carter",
      "suggested_placement": [
        "chapter_epigraph",
        "interlude",
        "margin_callout"
      ],
      "vex_tags": [
        "PERSPECTIVE_SHIFT"
      ],
      "chapters": [
        "Interludes"
      ],
      "timelines": [],
      "tone": "assertive",
      "status": "approved"
    },
    {
      "id": "Q-UV-0111",
      "text": "When you\u2019ve killed me, will you still not have closure?",
      "speaker": "Ben Carter",
      "suggested_placement": [
        "chapter_epigraph",
        "interlude",
        "margin_callout"
      ],
      "vex_tags": [
        "MORTAL_RISK_STATEMENT",
        "REPUTATIONAL_HARM"
      ],
      "chapters": [
        "The Maggots\u2019 Law"
      ],
      "timelines": [],
      "tone": "assertive",
      "status": "approved"
    },
    {
      "id": "Q-UV-0112",
      "text": "I, the victim, was forced to become the chief investigator, auditor, and archivist of my own case.",
      "speaker": "Ben Carter",
      "suggested_placement": [
        "chapter_epigraph",
        "interlude",
        "margin_callout"
      ],
      "vex_tags": [
        "CHIEF_INVESTIGATOR",
        "ONUS_PROBANDI_LOGIC"
      ],
      "chapters": [
        "Coercion Becomes a Dance",
        "From Victim to Investigator"
      ],
      "timelines": [],
      "tone": "assertive",
      "status": "approved"
    },
    {
      "id": "Q-UV-0113",
      "text": "Feeling I had \u2018taken on the fucking police and won,\u2019 I escalated my case to the IOPC after identifying a pattern of misconduct.",
      "speaker": "Ben Carter",
      "suggested_placement": [
        "chapter_epigraph",
        "interlude",
        "margin_callout"
      ],
      "vex_tags": [
        "ESCALATION_IOPC",
        "MISCONDUCT_PATTERN"
      ],
      "chapters": [
        "Section 2 \u2014 Core Complaint",
        "The Maggots\u2019 Law"
      ],
      "timelines": [],
      "tone": "assertive",
      "status": "approved"
    },
    {
      "id": "Q-UV-0114",
      "text": "I demonstrated a proactive approach to managing the complex and contradictory interactions with Brighton Fringe.",
      "speaker": "Ben Carter",
      "suggested_placement": [
        "chapter_epigraph",
        "interlude",
        "margin_callout"
      ],
      "vex_tags": [
        "BRIGHTON_FRINGE_COMPLEXITY",
        "TIMELINE_MANIPULATION"
      ],
      "chapters": [
        "Brighton Fringe"
      ],
      "timelines": [],
      "tone": "assertive",
      "status": "approved"
    },
    {
      "id": "Q-UV-0115",
      "text": "This was not a hobby; it was a survival tactic.",
      "speaker": "Ben Carter",
      "suggested_placement": [
        "chapter_epigraph",
        "interlude",
        "margin_callout"
      ],
      "vex_tags": [
        "SURVIVAL_TACTIC"
      ],
      "chapters": [
        "Coercion Becomes a Dance",
        "The Maggots\u2019 Law"
      ],
      "timelines": [],
      "tone": "defiant",
      "status": "approved"
    },
    {
      "id": "Q-UV-0116",
      "text": "This resilience, and the ability to translate extreme distress into actionable, forensic evidence, is itself a testament to the scale of the institutional failure.",
      "speaker": "Ben Carter",
      "suggested_placement": [
        "chapter_epigraph",
        "interlude",
        "margin_callout"
      ],
      "vex_tags": [
        "RESILIENCE_EVIDENCE",
        "SELF_DOCUMENTATION_MODE",
        "SYSTEMIC_FAILURE"
      ],
      "chapters": [
        "The Maggots\u2019 Law"
      ],
      "timelines": [],
      "tone": "assertive",
      "status": "approved"
    },
    {
      "id": "Q-UV-0117",
      "text": "The system did not just fail to protect me; it created the conditions that required this extraordinary level of self-advocacy to simply survive.",
      "speaker": "Ben Carter",
      "suggested_placement": [
        "chapter_epigraph",
        "interlude",
        "margin_callout"
      ],
      "vex_tags": [
        "SAFEGUARDING_FAILURE",
        "SYSTEMIC_FAILURE"
      ],
      "chapters": [
        "Section 2 \u2014 Core Complaint",
        "The Maggots\u2019 Law"
      ],
      "timelines": [],
      "tone": "assertive",
      "status": "approved"
    }
  ]
}