{
  "audit_metadata": {
    "audit_date": "2025-06-08",
    "auditor": "ChatGPT",
    "description": "Full project file structure and contradiction/timeline cross-reference audit. Includes all checkpoints and working files as of this stage."
  },
  "sources_used": [
    "master_audit_checkpoint_v2.json",
    "contradiction_files_pending_checkpoint_v2.json",
    "audit_cross_reference_diff.json",
    "audit_timeline_files.json",
    "audit_auditlog_files.json"
  ],
  "structure_overview": {
    "main_folders": [
      "01_evidence/",
      "02_timeline/",
      "10_reference/"
    ],
    "folders_filled": [
      {
        "path": "02_timeline/01_vex_timeline/",
        "files": [
          "MASTER_TIMELINE_UPDATED_2025-06-08.json",
          "ALIGNED_TIMELINE_WITH_VERITAS_SUPPORT_UPDATED.json",
          "RECREATED_TIMELINE_FROM_CORE_INPUTS (1).json",
          "ALIGNED_TIMELINE_WITH_UNDATED_EMAILS.json"
        ]
      },
      {
        "path": "02_timeline/02_audit_logs/",
        "files": [
          "FINE_TUNE_SYNC_REPORT.json",
          "AUDIT_REPORT_MISSING_CONTRADICTIONS_EMOTION.json"
        ]
      }
    ],
    "key_project_files": [
      "README_manifest_DIVI_LAYOUTS.md"
    ]
  },
  "contradiction_and_manifest_check": {
    "contradiction_files_found": [
      "MASTER_CONTRADICTIONS_INJECTED_2025-06-05.json",
      "AUDIT_REPORT_MISSING_CONTRADICTIONS_EMOTION.json",
      "EX_VERITAS_CHAT_CONTRADICTION_2025.json"
    ],
    "manifest_files_expected": [
      "manifest.json",
      "TACTICAL_TANGENT_MANIFEST_2025-06-07.txt"
    ],
    "missing_files": [
      "COMPENSATION_CLAIM_MATRIX_SUSSEX_POLICE.json",
      "SUSSEX_POLICE_SAFEGUARDING_BREAKDOWN_MAY_2025.json",
      "PUBLIC_BUNDLE_SUMMARY_SAR_SUSSEX_POLICE.json",
      "manifest.json",
      "TACTICAL_TANGENT_MANIFEST_2025-06-07.txt"
    ],
    "pending_contradiction_files": [
      "COMPENSATION_CLAIM_MATRIX_SUSSEX_POLICE.json",
      "SUSSEX_POLICE_SAFEGUARDING_BREAKDOWN_MAY_2025.json",
      "PUBLIC_BUNDLE_SUMMARY_SAR_SUSSEX_POLICE.json",
      "manifest.json",
      "TACTICAL_TANGENT_MANIFEST_2025-06-07.txt"
    ]
  },
  "timeline_and_audit_files": {
    "timeline_directory": "02_timeline/01_vex_timeline/",
    "timeline_files": [
      "MASTER_TIMELINE_UPDATED_2025-06-08.json",
      "ALIGNED_TIMELINE_WITH_VERITAS_SUPPORT_UPDATED.json",
      "RECREATED_TIMELINE_FROM_CORE_INPUTS (1).json",
      "ALIGNED_TIMELINE_WITH_UNDATED_EMAILS.json"
    ],
    "auditlog_directory": "02_timeline/02_audit_logs/",
    "auditlog_files": [
      "FINE_TUNE_SYNC_REPORT.json",
      "AUDIT_REPORT_MISSING_CONTRADICTIONS_EMOTION.json"
    ]
  },
  "cross_reference_diff": {
    "files_in_zip": [
      "MASTER_TIMELINE_UPDATED_2025-06-08.json",
      "ALIGNED_TIMELINE_WITH_VERITAS_SUPPORT_UPDATED.json",
      "RECREATED_TIMELINE_FROM_CORE_INPUTS (1).json",
      "ALIGNED_TIMELINE_WITH_UNDATED_EMAILS.json",
      "FINE_TUNE_SYNC_REPORT.json",
      "AUDIT_REPORT_MISSING_CONTRADICTIONS_EMOTION.json"
    ],
    "contradiction_referenced_files": [
      "COMPENSATION_CLAIM_MATRIX_SUSSEX_POLICE.json",
      "SUSSEX_POLICE_SAFEGUARDING_BREAKDOWN_MAY_2025.json",
      "PUBLIC_BUNDLE_SUMMARY_SAR_SUSSEX_POLICE.json",
      "MASTER_CONTRADICTIONS_INJECTED_2025-06-05.json",
      "EX_VERITAS_CHAT_CONTRADICTION_2025.json",
      "AUDIT_REPORT_MISSING_CONTRADICTIONS_EMOTION.json"
    ],
    "manifest_referenced_files": [
      "TACTICAL_TANGENT_MANIFEST_2025-06-07.txt",
      "manifest.json"
    ],
    "orphans": [
      "ALIGNED_TIMELINE_WITH_VERITAS_SUPPORT_UPDATED.json",
      "RECREATED_TIMELINE_FROM_CORE_INPUTS (1).json",
      "ALIGNED_TIMELINE_WITH_UNDATED_EMAILS.json",
      "FINE_TUNE_SYNC_REPORT.json"
    ],
    "missing": [
      "COMPENSATION_CLAIM_MATRIX_SUSSEX_POLICE.json",
      "SUSSEX_POLICE_SAFEGUARDING_BREAKDOWN_MAY_2025.json",
      "PUBLIC_BUNDLE_SUMMARY_SAR_SUSSEX_POLICE.json",
      "MASTER_CONTRADICTIONS_INJECTED_2025-06-05.json",
      "EX_VERITAS_CHAT_CONTRADICTION_2025.json",
      "TACTICAL_TANGENT_MANIFEST_2025-06-07.txt",
      "manifest.json"
    ],
    "pending_merge": [
      "COMPENSATION_CLAIM_MATRIX_SUSSEX_POLICE.json",
      "SUSSEX_POLICE_SAFEGUARDING_BREAKDOWN_MAY_2025.json",
      "PUBLIC_BUNDLE_SUMMARY_SAR_SUSSEX_POLICE.json"
    ]
  },
  "audit_notes": [
    "Audit performed over multiple checkpoints to ensure zero data loss.",
    "All folders are prepped for future evidence import.",
    "All contradiction, timeline, and manifest references are tracked as of this stage.",
    "Missing and pending files are flagged for review or future inclusion before fine-tuning."
  ]
}