{
  "uid_index": {
    "part1_0001": {
      "i": 0,
      "part": "part1",
      "speaker": "Emma Jones",
      "timecode_s": 15.4
    },
    "part1_0003": {
      "i": 1,
      "part": "part1",
      "speaker": "Emma Jones",
      "timecode_s": 26.1
    },
    "part1_0007": {
      "i": 2,
      "part": "part1",
      "speaker": "Emma Jones",
      "timecode_s": 47.2
    },
    "part1_0008": {
      "i": 3,
      "part": "part1",
      "speaker": "Ben Carter",
      "timecode_s": 50.9
    },
    "part1_0012": {
      "i": 4,
      "part": "part1",
      "speaker": "Ben Carter",
      "timecode_s": 91.2
    },
    "part1_0013": {
      "i": 5,
      "part": "part1",
      "speaker": "Emma Jones",
      "timecode_s": 100.4
    },
    "part1_0014": {
      "i": 6,
      "part": "part1",
      "speaker": "Ben Carter",
      "timecode_s": 114.0
    },
    "part1_0015": {
      "i": 7,
      "part": "part1",
      "speaker": "Ben Carter",
      "timecode_s": 130.1
    },
    "part1_0017": {
      "i": 8,
      "part": "part1",
      "speaker": "Ben Carter",
      "timecode_s": 141.7
    },
    "part1_0018": {
      "i": 9,
      "part": "part1",
      "speaker": "Ben Carter",
      "timecode_s": 159.2
    },
    "part1_0020": {
      "i": 10,
      "part": "part1",
      "speaker": "Emma Jones",
      "timecode_s": 184.8
    },
    "part1_0021": {
      "i": 11,
      "part": "part1",
      "speaker": "Emma Jones",
      "timecode_s": 200.7
    },
    "part1_0023": {
      "i": 12,
      "part": "part1",
      "speaker": "Emma Jones",
      "timecode_s": 219.2
    },
    "part1_0025": {
      "i": 13,
      "part": "part1",
      "speaker": "Emma Jones",
      "timecode_s": 236.7
    },
    "part1_0027": {
      "i": 14,
      "part": "part1",
      "speaker": "Ben Carter",
      "timecode_s": 255.0
    },
    "part1_0030": {
      "i": 15,
      "part": "part1",
      "speaker": "Ben Carter",
      "timecode_s": 286.5
    },
    "part1_0032": {
      "i": 16,
      "part": "part1",
      "speaker": "Emma Jones",
      "timecode_s": 307.3
    },
    "part1_0035": {
      "i": 17,
      "part": "part1",
      "speaker": "Ben Carter",
      "timecode_s": 325.3
    },
    "part1_0037": {
      "i": 18,
      "part": "part1",
      "speaker": "Ben Carter",
      "timecode_s": 352.3
    },
    "part1_0038": {
      "i": 19,
      "part": "part1",
      "speaker": "Ben Carter",
      "timecode_s": 378.4
    },
    "part1_0039": {
      "i": 20,
      "part": "part1",
      "speaker": "Ben Carter",
      "timecode_s": 393.6
    },
    "part1_0040": {
      "i": 21,
      "part": "part1",
      "speaker": "Ben Carter",
      "timecode_s": 415.9
    },
    "part1_0043": {
      "i": 22,
      "part": "part1",
      "speaker": "Ben Carter",
      "timecode_s": 454.5
    },
    "part1_0050": {
      "i": 23,
      "part": "part1",
      "speaker": "Ben Carter",
      "timecode_s": 533.3
    },
    "part1_0051": {
      "i": 24,
      "part": "part1",
      "speaker": "Ben Carter",
      "timecode_s": 551.8
    },
    "part1_0052": {
      "i": 25,
      "part": "part1",
      "speaker": "Emma Jones",
      "timecode_s": 571.0
    },
    "part1_0053": {
      "i": 26,
      "part": "part1",
      "speaker": "Emma Jones",
      "timecode_s": 587.9
    },
    "part1_0054": {
      "i": 27,
      "part": "part1",
      "speaker": "Ben Carter",
      "timecode_s": 594.2
    },
    "part1_0056": {
      "i": 28,
      "part": "part1",
      "speaker": "Ben Carter",
      "timecode_s": 599.2
    },
    "part1_0057": {
      "i": 29,
      "part": "part1",
      "speaker": "Emma Jones",
      "timecode_s": 616.5
    },
    "part1_0063": {
      "i": 30,
      "part": "part1",
      "speaker": "Emma Jones",
      "timecode_s": 652.3
    },
    "part1_0065": {
      "i": 31,
      "part": "part1",
      "speaker": "Emma Jones",
      "timecode_s": 683.4
    },
    "part1_0066": {
      "i": 32,
      "part": "part1",
      "speaker": "Ben Carter",
      "timecode_s": 690.3
    },
    "part1_0069": {
      "i": 33,
      "part": "part1",
      "speaker": "Emma Jones",
      "timecode_s": 695.4
    },
    "part1_0070": {
      "i": 34,
      "part": "part1",
      "speaker": "Ben Carter",
      "timecode_s": 707.8
    },
    "part1_0071": {
      "i": 35,
      "part": "part1",
      "speaker": "Emma Jones",
      "timecode_s": 713.7
    },
    "part1_0072": {
      "i": 36,
      "part": "part1",
      "speaker": "Ben Carter",
      "timecode_s": 717.5
    },
    "part1_0074": {
      "i": 37,
      "part": "part1",
      "speaker": "Emma Jones",
      "timecode_s": 735.0
    },
    "part1_0075": {
      "i": 38,
      "part": "part1",
      "speaker": "Ben Carter",
      "timecode_s": 746.4
    },
    "part1_0076": {
      "i": 39,
      "part": "part1",
      "speaker": "Emma Jones",
      "timecode_s": 763.3
    },
    "part1_0082": {
      "i": 40,
      "part": "part1",
      "speaker": "Emma Jones",
      "timecode_s": 782.5
    },
    "part1_0083": {
      "i": 41,
      "part": "part1",
      "speaker": "Ben Carter",
      "timecode_s": 783.6
    },
    "part1_0086": {
      "i": 42,
      "part": "part1",
      "speaker": "Emma Jones",
      "timecode_s": 791.5
    },
    "part1_0088": {
      "i": 43,
      "part": "part1",
      "speaker": "Emma Jones",
      "timecode_s": 798.3
    },
    "part1_0090": {
      "i": 44,
      "part": "part1",
      "speaker": "Emma Jones",
      "timecode_s": 808.9
    },
    "part1_0093": {
      "i": 45,
      "part": "part1",
      "speaker": "Emma Jones",
      "timecode_s": 826.2
    },
    "part1_0095": {
      "i": 46,
      "part": "part1",
      "speaker": "Emma Jones",
      "timecode_s": 836.1
    },
    "part1_0096": {
      "i": 47,
      "part": "part1",
      "speaker": "Ben Carter",
      "timecode_s": 841.2
    },
    "part1_0097": {
      "i": 48,
      "part": "part1",
      "speaker": "Emma Jones",
      "timecode_s": 845.0
    },
    "part1_0098": {
      "i": 49,
      "part": "part1",
      "speaker": "Ben Carter",
      "timecode_s": 849.4
    },
    "part1_0099": {
      "i": 50,
      "part": "part1",
      "speaker": "Emma Jones",
      "timecode_s": 859.9
    },
    "part1_0100": {
      "i": 51,
      "part": "part1",
      "speaker": "Ben Carter",
      "timecode_s": 863.8
    },
    "part1_0102": {
      "i": 52,
      "part": "part1",
      "speaker": "Ben Carter",
      "timecode_s": 875.3
    },
    "part1_0104": {
      "i": 53,
      "part": "part1",
      "speaker": "Emma Jones",
      "timecode_s": 900.9
    },
    "part1_0107": {
      "i": 54,
      "part": "part1",
      "speaker": "Ben Carter",
      "timecode_s": 915.0
    },
    "part1_0111": {
      "i": 55,
      "part": "part1",
      "speaker": "Emma Jones",
      "timecode_s": 954.8
    },
    "part1_0113": {
      "i": 56,
      "part": "part1",
      "speaker": "Emma Jones",
      "timecode_s": 970.7
    },
    "part1_0114": {
      "i": 57,
      "part": "part1",
      "speaker": "Emma Jones",
      "timecode_s": 987.1
    },
    "part1_0117": {
      "i": 58,
      "part": "part1",
      "speaker": "Ben Carter",
      "timecode_s": 1001.2
    },
    "part1_0121": {
      "i": 59,
      "part": "part1",
      "speaker": "Ben Carter",
      "timecode_s": 1024.7
    },
    "part1_0124": {
      "i": 60,
      "part": "part1",
      "speaker": "Emma Jones",
      "timecode_s": 1036.8
    },
    "part1_0126": {
      "i": 61,
      "part": "part1",
      "speaker": "Emma Jones",
      "timecode_s": 1046.0
    },
    "part1_0127": {
      "i": 62,
      "part": "part1",
      "speaker": "Ben Carter",
      "timecode_s": 1065.0
    },
    "part1_0128": {
      "i": 63,
      "part": "part1",
      "speaker": "Emma Jones",
      "timecode_s": 1068.6
    },
    "part1_0134": {
      "i": 64,
      "part": "part1",
      "speaker": "Emma Jones",
      "timecode_s": 1092.9
    },
    "part1_0135": {
      "i": 65,
      "part": "part1",
      "speaker": "Ben Carter",
      "timecode_s": 1103.7
    },
    "part1_0136": {
      "i": 66,
      "part": "part1",
      "speaker": "Emma Jones",
      "timecode_s": 1105.5
    },
    "part1_0142": {
      "i": 67,
      "part": "part1",
      "speaker": "Emma Jones",
      "timecode_s": 1141.8
    },
    "part1_0147": {
      "i": 68,
      "part": "part1",
      "speaker": "Emma Jones",
      "timecode_s": 1167.3
    },
    "part1_0149": {
      "i": 69,
      "part": "part1",
      "speaker": "Emma Jones",
      "timecode_s": 1173.1
    },
    "part1_0150": {
      "i": 70,
      "part": "part1",
      "speaker": "Emma Jones",
      "timecode_s": 1190.1
    },
    "part1_0151": {
      "i": 71,
      "part": "part1",
      "speaker": "Ben Carter",
      "timecode_s": 1210.4
    },
    "part1_0152": {
      "i": 72,
      "part": "part1",
      "speaker": "Emma Jones",
      "timecode_s": 1213.7
    },
    "part1_0154": {
      "i": 73,
      "part": "part1",
      "speaker": "Emma Jones",
      "timecode_s": 1219.4
    },
    "part1_0155": {
      "i": 74,
      "part": "part1",
      "speaker": "Ben Carter",
      "timecode_s": 1222.3
    },
    "part1_0157": {
      "i": 75,
      "part": "part1",
      "speaker": "Ben Carter",
      "timecode_s": 1232.7
    },
    "part1_0158": {
      "i": 76,
      "part": "part1",
      "speaker": "Ben Carter",
      "timecode_s": 1254.0
    },
    "part1_0159": {
      "i": 77,
      "part": "part1",
      "speaker": "Ben Carter",
      "timecode_s": 1269.6
    },
    "part1_0160": {
      "i": 78,
      "part": "part1",
      "speaker": "Ben Carter",
      "timecode_s": 1293.8
    },
    "part1_0164": {
      "i": 79,
      "part": "part1",
      "speaker": "Emma Jones",
      "timecode_s": 1322.0
    },
    "part1_0166": {
      "i": 80,
      "part": "part1",
      "speaker": "Emma Jones",
      "timecode_s": 1329.4
    },
    "part1_0168": {
      "i": 81,
      "part": "part1",
      "speaker": "Emma Jones",
      "timecode_s": 1346.1
    },
    "part1_0170": {
      "i": 82,
      "part": "part1",
      "speaker": "Emma Jones",
      "timecode_s": 1362.9
    },
    "part1_0174": {
      "i": 83,
      "part": "part1",
      "speaker": "Emma Jones",
      "timecode_s": 1377.6
    },
    "part1_0176": {
      "i": 84,
      "part": "part1",
      "speaker": "Emma Jones",
      "timecode_s": 1382.0
    },
    "part1_0184": {
      "i": 85,
      "part": "part1",
      "speaker": "Emma Jones",
      "timecode_s": 1420.4
    },
    "part1_0186": {
      "i": 86,
      "part": "part1",
      "speaker": "Emma Jones",
      "timecode_s": 1441.7
    },
    "part1_0188": {
      "i": 87,
      "part": "part1",
      "speaker": "Emma Jones",
      "timecode_s": 1463.6
    },
    "part1_0190": {
      "i": 88,
      "part": "part1",
      "speaker": "Emma Jones",
      "timecode_s": 1486.2
    },
    "part1_0193": {
      "i": 89,
      "part": "part1",
      "speaker": "Ben Carter",
      "timecode_s": 1500.4
    },
    "part1_0195": {
      "i": 90,
      "part": "part1",
      "speaker": "Ben Carter",
      "timecode_s": 1514.8
    },
    "part1_0196": {
      "i": 91,
      "part": "part1",
      "speaker": "Emma Jones",
      "timecode_s": 1518.2
    },
    "part1_0200": {
      "i": 92,
      "part": "part1",
      "speaker": "Emma Jones",
      "timecode_s": 1548.9
    },
    "part1_0205": {
      "i": 93,
      "part": "part1",
      "speaker": "Emma Jones",
      "timecode_s": 1595.6
    },
    "part1_0206": {
      "i": 94,
      "part": "part1",
      "speaker": "Ben Carter",
      "timecode_s": 1604.3
    },
    "part1_0208": {
      "i": 95,
      "part": "part1",
      "speaker": "Emma Jones",
      "timecode_s": 1629.1
    },
    "part1_0209": {
      "i": 96,
      "part": "part1",
      "speaker": "Ben Carter",
      "timecode_s": 1630.8
    },
    "part1_0210": {
      "i": 97,
      "part": "part1",
      "speaker": "Emma Jones",
      "timecode_s": 1638.4
    },
    "part1_0212": {
      "i": 98,
      "part": "part1",
      "speaker": "Emma Jones",
      "timecode_s": 1645.8
    },
    "part1_0213": {
      "i": 99,
      "part": "part1",
      "speaker": "Ben Carter",
      "timecode_s": 1656.0
    },
    "part1_0214": {
      "i": 100,
      "part": "part1",
      "speaker": "Emma Jones",
      "timecode_s": 1673.3
    },
    "part1_0216": {
      "i": 101,
      "part": "part1",
      "speaker": "Emma Jones",
      "timecode_s": 1681.1
    },
    "part1_0222": {
      "i": 102,
      "part": "part1",
      "speaker": "Emma Jones",
      "timecode_s": 1711.0
    },
    "part1_0223": {
      "i": 103,
      "part": "part1",
      "speaker": "Ben Carter",
      "timecode_s": 1714.8
    },
    "part1_0225": {
      "i": 104,
      "part": "part1",
      "speaker": "Emma Jones",
      "timecode_s": 1734.3
    },
    "part1_0228": {
      "i": 105,
      "part": "part1",
      "speaker": "Emma Jones",
      "timecode_s": 1760.9
    },
    "part1_0232": {
      "i": 106,
      "part": "part1",
      "speaker": "Emma Jones",
      "timecode_s": 1777.4
    },
    "part1_0233": {
      "i": 107,
      "part": "part1",
      "speaker": "Ben Carter",
      "timecode_s": 1783.4
    },
    "part1_0234": {
      "i": 108,
      "part": "part1",
      "speaker": "Emma Jones",
      "timecode_s": 1787.8
    },
    "part1_0235": {
      "i": 109,
      "part": "part1",
      "speaker": "Ben Carter",
      "timecode_s": 1803.9
    },
    "part1_0236": {
      "i": 110,
      "part": "part1",
      "speaker": "Emma Jones",
      "timecode_s": 1814.9
    },
    "part1_0239": {
      "i": 111,
      "part": "part1",
      "speaker": "Emma Jones",
      "timecode_s": 1826.9
    },
    "part1_0240": {
      "i": 112,
      "part": "part1",
      "speaker": "Ben Carter",
      "timecode_s": 1834.2
    },
    "part1_0243": {
      "i": 113,
      "part": "part1",
      "speaker": "Ben Carter",
      "timecode_s": 1862.4
    },
    "part1_0244": {
      "i": 114,
      "part": "part1",
      "speaker": "Emma Jones",
      "timecode_s": 1884.7
    },
    "part1_0246": {
      "i": 115,
      "part": "part1",
      "speaker": "Emma Jones",
      "timecode_s": 1903.5
    },
    "part1_0247": {
      "i": 116,
      "part": "part1",
      "speaker": "Ben Carter",
      "timecode_s": 1909.6
    },
    "part1_0250": {
      "i": 117,
      "part": "part1",
      "speaker": "Emma Jones",
      "timecode_s": 1915.8
    },
    "part1_0252": {
      "i": 118,
      "part": "part1",
      "speaker": "Emma Jones",
      "timecode_s": 1922.9
    },
    "part1_0254": {
      "i": 119,
      "part": "part1",
      "speaker": "Emma Jones",
      "timecode_s": 1931.4
    },
    "part1_0256": {
      "i": 120,
      "part": "part1",
      "speaker": "Emma Jones",
      "timecode_s": 1937.5
    },
    "part1_0258": {
      "i": 121,
      "part": "part1",
      "speaker": "Emma Jones",
      "timecode_s": 1942.7
    },
    "part1_0262": {
      "i": 122,
      "part": "part1",
      "speaker": "Emma Jones",
      "timecode_s": 1973.8
    },
    "part1_0263": {
      "i": 123,
      "part": "part1",
      "speaker": "Ben Carter",
      "timecode_s": 1988.7
    },
    "part1_0264": {
      "i": 124,
      "part": "part1",
      "speaker": "Emma Jones",
      "timecode_s": 2001.0
    },
    "part1_0266": {
      "i": 125,
      "part": "part1",
      "speaker": "Emma Jones",
      "timecode_s": 2017.2
    },
    "part1_0267": {
      "i": 126,
      "part": "part1",
      "speaker": "Ben Carter",
      "timecode_s": 2020.5
    },
    "part1_0268": {
      "i": 127,
      "part": "part1",
      "speaker": "Emma Jones",
      "timecode_s": 2031.7
    },
    "part1_0270": {
      "i": 128,
      "part": "part1",
      "speaker": "Emma Jones",
      "timecode_s": 2044.0
    },
    "part1_0274": {
      "i": 129,
      "part": "part1",
      "speaker": "Emma Jones",
      "timecode_s": 2063.0
    },
    "part1_0276": {
      "i": 130,
      "part": "part1",
      "speaker": "Ben Carter",
      "timecode_s": 2086.4
    },
    "part1_0277": {
      "i": 131,
      "part": "part1",
      "speaker": "Emma Jones",
      "timecode_s": 2090.2
    },
    "part1_0278": {
      "i": 132,
      "part": "part1",
      "speaker": "Ben Carter",
      "timecode_s": 2095.2
    },
    "part1_0280": {
      "i": 133,
      "part": "part1",
      "speaker": "Ben Carter",
      "timecode_s": 2124.1
    },
    "part1_0284": {
      "i": 134,
      "part": "part1",
      "speaker": "Emma Jones",
      "timecode_s": 2185.3
    },
    "part1_0285": {
      "i": 135,
      "part": "part1",
      "speaker": "Emma Jones",
      "timecode_s": 2206.6
    },
    "part1_0287": {
      "i": 136,
      "part": "part1",
      "speaker": "Emma Jones",
      "timecode_s": 2211.5
    },
    "part1_0290": {
      "i": 137,
      "part": "part1",
      "speaker": "Emma Jones",
      "timecode_s": 2249.9
    },
    "part1_0293": {
      "i": 138,
      "part": "part1",
      "speaker": "Ben Carter",
      "timecode_s": 2285.6
    },
    "part1_0294": {
      "i": 139,
      "part": "part1",
      "speaker": "Emma Jones",
      "timecode_s": 2294.3
    },
    "part1_0297": {
      "i": 140,
      "part": "part1",
      "speaker": "Emma Jones",
      "timecode_s": 2325.7
    },
    "part1_0298": {
      "i": 141,
      "part": "part1",
      "speaker": "Emma Jones",
      "timecode_s": 2342.1
    },
    "part1_0300": {
      "i": 142,
      "part": "part1",
      "speaker": "Emma Jones",
      "timecode_s": 2357.3
    },
    "part1_0302": {
      "i": 143,
      "part": "part1",
      "speaker": "Emma Jones",
      "timecode_s": 2368.6
    },
    "part1_0303": {
      "i": 144,
      "part": "part1",
      "speaker": "Ben Carter",
      "timecode_s": 2387.3
    },
    "part1_0310": {
      "i": 145,
      "part": "part1",
      "speaker": "Emma Jones",
      "timecode_s": 2408.1
    },
    "part1_0311": {
      "i": 146,
      "part": "part1",
      "speaker": "Ben Carter",
      "timecode_s": 2438.9
    },
    "part1_0315": {
      "i": 147,
      "part": "part1",
      "speaker": "Emma Jones",
      "timecode_s": 2474.2
    },
    "part1_0318": {
      "i": 148,
      "part": "part1",
      "speaker": "Ben Carter",
      "timecode_s": 2488.1
    },
    "part1_0319": {
      "i": 149,
      "part": "part1",
      "speaker": "Emma Jones",
      "timecode_s": 2499.0
    },
    "part1_0320": {
      "i": 150,
      "part": "part1",
      "speaker": "Ben Carter",
      "timecode_s": 2507.6
    },
    "part1_0324": {
      "i": 151,
      "part": "part1",
      "speaker": "Ben Carter",
      "timecode_s": 2550.6
    },
    "part1_0327": {
      "i": 152,
      "part": "part1",
      "speaker": "Ben Carter",
      "timecode_s": 2580.8
    },
    "part1_0328": {
      "i": 153,
      "part": "part1",
      "speaker": "Ben Carter",
      "timecode_s": 2596.9
    },
    "part1_0331": {
      "i": 154,
      "part": "part1",
      "speaker": "Emma Jones",
      "timecode_s": 2608.2
    },
    "part1_0332": {
      "i": 155,
      "part": "part1",
      "speaker": "Ben Carter",
      "timecode_s": 2635.5
    },
    "part1_0334": {
      "i": 156,
      "part": "part1",
      "speaker": "Emma Jones",
      "timecode_s": 2649.0
    },
    "part1_0336": {
      "i": 157,
      "part": "part1",
      "speaker": "Emma Jones",
      "timecode_s": 2663.5
    },
    "part1_0343": {
      "i": 158,
      "part": "part1",
      "speaker": "Ben Carter",
      "timecode_s": 2721.5
    },
    "part1_0344": {
      "i": 159,
      "part": "part1",
      "speaker": "Emma Jones",
      "timecode_s": 2728.7
    },
    "part1_0346": {
      "i": 160,
      "part": "part1",
      "speaker": "Emma Jones",
      "timecode_s": 2741.0
    },
    "part1_0348": {
      "i": 161,
      "part": "part1",
      "speaker": "Emma Jones",
      "timecode_s": 2746.7
    },
    "part1_0351": {
      "i": 162,
      "part": "part1",
      "speaker": "Ben Carter",
      "timecode_s": 2751.3
    },
    "part1_0352": {
      "i": 163,
      "part": "part1",
      "speaker": "Ben Carter",
      "timecode_s": 2770.5
    },
    "part1_0353": {
      "i": 164,
      "part": "part1",
      "speaker": "Emma Jones",
      "timecode_s": 2786.9
    },
    "part1_0355": {
      "i": 165,
      "part": "part1",
      "speaker": "Emma Jones",
      "timecode_s": 2796.9
    },
    "part1_0356": {
      "i": 166,
      "part": "part1",
      "speaker": "Ben Carter",
      "timecode_s": 2807.6
    },
    "part1_0357": {
      "i": 167,
      "part": "part1",
      "speaker": "Emma Jones",
      "timecode_s": 2823.4
    },
    "part1_0359": {
      "i": 168,
      "part": "part1",
      "speaker": "Emma Jones",
      "timecode_s": 2831.6
    },
    "part1_0360": {
      "i": 169,
      "part": "part1",
      "speaker": "Ben Carter",
      "timecode_s": 2835.4
    },
    "part1_0362": {
      "i": 170,
      "part": "part1",
      "speaker": "Ben Carter",
      "timecode_s": 2873.6
    },
    "part1_0363": {
      "i": 171,
      "part": "part1",
      "speaker": "Emma Jones",
      "timecode_s": 2877.8
    },
    "part1_0364": {
      "i": 172,
      "part": "part1",
      "speaker": "Ben Carter",
      "timecode_s": 2882.5
    },
    "part1_0369": {
      "i": 173,
      "part": "part1",
      "speaker": "Emma Jones",
      "timecode_s": 2919.7
    },
    "part1_0370": {
      "i": 174,
      "part": "part1",
      "speaker": "Ben Carter",
      "timecode_s": 2924.4
    },
    "part1_0372": {
      "i": 175,
      "part": "part1",
      "speaker": "Emma Jones",
      "timecode_s": 2944.7
    },
    "part1_0374": {
      "i": 176,
      "part": "part1",
      "speaker": "Emma Jones",
      "timecode_s": 2954.2
    },
    "part1_0377": {
      "i": 177,
      "part": "part1",
      "speaker": "Ben Carter",
      "timecode_s": 2965.7
    },
    "part1_0378": {
      "i": 178,
      "part": "part1",
      "speaker": "Ben Carter",
      "timecode_s": 2976.3
    },
    "part1_0379": {
      "i": 179,
      "part": "part1",
      "speaker": "Ben Carter",
      "timecode_s": 2991.4
    },
    "part1_0380": {
      "i": 180,
      "part": "part1",
      "speaker": "Emma Jones",
      "timecode_s": 3006.9
    },
    "part1_0381": {
      "i": 181,
      "part": "part1",
      "speaker": "Ben Carter",
      "timecode_s": 3012.4
    },
    "part2_0396": {
      "i": 182,
      "part": "part2",
      "speaker": "Emma Jones",
      "timecode_s": null
    },
    "part2_0397": {
      "i": 183,
      "part": "part2",
      "speaker": "Ben Carter",
      "timecode_s": null
    },
    "part2_0398": {
      "i": 184,
      "part": "part2",
      "speaker": "Emma Jones",
      "timecode_s": null
    },
    "part2_0399": {
      "i": 185,
      "part": "part2",
      "speaker": "Emma Jones",
      "timecode_s": null
    },
    "part2_0400": {
      "i": 186,
      "part": "part2",
      "speaker": "Ben Carter",
      "timecode_s": null
    },
    "part2_0401": {
      "i": 187,
      "part": "part2",
      "speaker": "Emma Jones",
      "timecode_s": null
    },
    "part2_0402": {
      "i": 188,
      "part": "part2",
      "speaker": "Ben Carter",
      "timecode_s": null
    },
    "part2_0403": {
      "i": 189,
      "part": "part2",
      "speaker": "Emma Jones",
      "timecode_s": null
    },
    "part2_0404": {
      "i": 190,
      "part": "part2",
      "speaker": "Ben Carter",
      "timecode_s": null
    },
    "part2_0405": {
      "i": 191,
      "part": "part2",
      "speaker": "Emma Jones",
      "timecode_s": null
    },
    "part2_0406": {
      "i": 192,
      "part": "part2",
      "speaker": "Ben Carter",
      "timecode_s": null
    },
    "part2_0407": {
      "i": 193,
      "part": "part2",
      "speaker": "Ben Carter",
      "timecode_s": null
    },
    "part2_0408": {
      "i": 194,
      "part": "part2",
      "speaker": "Emma Jones",
      "timecode_s": null
    },
    "part2_0409": {
      "i": 195,
      "part": "part2",
      "speaker": "Ben Carter",
      "timecode_s": null
    },
    "part2_0410": {
      "i": 196,
      "part": "part2",
      "speaker": "Emma Jones",
      "timecode_s": null
    },
    "part2_0411": {
      "i": 197,
      "part": "part2",
      "speaker": "Ben Carter",
      "timecode_s": null
    },
    "part2_0412": {
      "i": 198,
      "part": "part2",
      "speaker": "Ben Carter",
      "timecode_s": null
    },
    "part2_0413": {
      "i": 199,
      "part": "part2",
      "speaker": "Ben Carter",
      "timecode_s": null
    },
    "part2_0414": {
      "i": 200,
      "part": "part2",
      "speaker": "Emma Jones",
      "timecode_s": null
    },
    "part2_0415": {
      "i": 201,
      "part": "part2",
      "speaker": "Ben Carter",
      "timecode_s": null
    },
    "part2_0416": {
      "i": 202,
      "part": "part2",
      "speaker": "Emma Jones",
      "timecode_s": null
    },
    "part2_0417": {
      "i": 203,
      "part": "part2",
      "speaker": "Ben Carter",
      "timecode_s": null
    },
    "part2_0418": {
      "i": 204,
      "part": "part2",
      "speaker": "Emma Jones",
      "timecode_s": null
    },
    "part2_0419": {
      "i": 205,
      "part": "part2",
      "speaker": "Ben Carter",
      "timecode_s": null
    },
    "part2_0420": {
      "i": 206,
      "part": "part2",
      "speaker": "Emma Jones",
      "timecode_s": null
    },
    "part2_0421": {
      "i": 207,
      "part": "part2",
      "speaker": "Ben Carter",
      "timecode_s": null
    },
    "part2_0422": {
      "i": 208,
      "part": "part2",
      "speaker": "Emma Jones",
      "timecode_s": null
    },
    "part2_0423": {
      "i": 209,
      "part": "part2",
      "speaker": "Ben Carter",
      "timecode_s": null
    },
    "part2_0424": {
      "i": 210,
      "part": "part2",
      "speaker": "Emma Jones",
      "timecode_s": null
    },
    "part2_0425": {
      "i": 211,
      "part": "part2",
      "speaker": "Ben Carter",
      "timecode_s": null
    },
    "part2_0426": {
      "i": 212,
      "part": "part2",
      "speaker": "Ben Carter",
      "timecode_s": null
    },
    "part2_0427": {
      "i": 213,
      "part": "part2",
      "speaker": "Ben Carter",
      "timecode_s": null
    },
    "part2_0428": {
      "i": 214,
      "part": "part2",
      "speaker": "Emma Jones",
      "timecode_s": null
    },
    "part2_0429": {
      "i": 215,
      "part": "part2",
      "speaker": "Ben Carter",
      "timecode_s": null
    },
    "part2_0430": {
      "i": 216,
      "part": "part2",
      "speaker": "Emma Jones",
      "timecode_s": null
    },
    "part2_0431": {
      "i": 217,
      "part": "part2",
      "speaker": "Ben Carter",
      "timecode_s": null
    },
    "part2_0432": {
      "i": 218,
      "part": "part2",
      "speaker": "Emma Jones",
      "timecode_s": null
    },
    "part2_0433": {
      "i": 219,
      "part": "part2",
      "speaker": "Ben Carter",
      "timecode_s": null
    },
    "part2_0434": {
      "i": 220,
      "part": "part2",
      "speaker": "Emma Jones",
      "timecode_s": null
    },
    "part2_0435": {
      "i": 221,
      "part": "part2",
      "speaker": "Ben Carter",
      "timecode_s": null
    },
    "part2_0436": {
      "i": 222,
      "part": "part2",
      "speaker": "Emma Jones",
      "timecode_s": null
    },
    "part2_0437": {
      "i": 223,
      "part": "part2",
      "speaker": "Ben Carter",
      "timecode_s": null
    },
    "part2_0438": {
      "i": 224,
      "part": "part2",
      "speaker": "Emma Jones",
      "timecode_s": null
    },
    "part2_0439": {
      "i": 225,
      "part": "part2",
      "speaker": "Ben Carter",
      "timecode_s": null
    },
    "part2_0440": {
      "i": 226,
      "part": "part2",
      "speaker": "Emma Jones",
      "timecode_s": null
    },
    "part2_0441": {
      "i": 227,
      "part": "part2",
      "speaker": "Ben Carter",
      "timecode_s": null
    },
    "part2_0442": {
      "i": 228,
      "part": "part2",
      "speaker": "Emma Jones",
      "timecode_s": null
    },
    "part2_0443": {
      "i": 229,
      "part": "part2",
      "speaker": "Ben Carter",
      "timecode_s": null
    },
    "part2_0444": {
      "i": 230,
      "part": "part2",
      "speaker": "Emma Jones",
      "timecode_s": null
    },
    "part2_0445": {
      "i": 231,
      "part": "part2",
      "speaker": "Ben Carter",
      "timecode_s": null
    },
    "part2_0446": {
      "i": 232,
      "part": "part2",
      "speaker": "Ben Carter",
      "timecode_s": null
    },
    "part2_0447": {
      "i": 233,
      "part": "part2",
      "speaker": "Emma Jones",
      "timecode_s": null
    },
    "part2_0448": {
      "i": 234,
      "part": "part2",
      "speaker": "Ben Carter",
      "timecode_s": null
    },
    "part2_0449": {
      "i": 235,
      "part": "part2",
      "speaker": "Ben Carter",
      "timecode_s": null
    },
    "part2_0450": {
      "i": 236,
      "part": "part2",
      "speaker": "Ben Carter",
      "timecode_s": null
    },
    "part2_0451": {
      "i": 237,
      "part": "part2",
      "speaker": "Emma Jones",
      "timecode_s": null
    },
    "part2_0452": {
      "i": 238,
      "part": "part2",
      "speaker": "Emma Jones",
      "timecode_s": null
    },
    "part2_0453": {
      "i": 239,
      "part": "part2",
      "speaker": "Ben Carter",
      "timecode_s": null
    },
    "part2_0454": {
      "i": 240,
      "part": "part2",
      "speaker": "Ben Carter",
      "timecode_s": null
    },
    "part2_0455": {
      "i": 241,
      "part": "part2",
      "speaker": "Ben Carter",
      "timecode_s": null
    },
    "part2_0456": {
      "i": 242,
      "part": "part2",
      "speaker": "Emma Jones",
      "timecode_s": null
    },
    "part2_0457": {
      "i": 243,
      "part": "part2",
      "speaker": "Ben Carter",
      "timecode_s": null
    },
    "part2_0458": {
      "i": 244,
      "part": "part2",
      "speaker": "Ben Carter",
      "timecode_s": null
    },
    "part2_0459": {
      "i": 245,
      "part": "part2",
      "speaker": "Emma Jones",
      "timecode_s": null
    },
    "part2_0460": {
      "i": 246,
      "part": "part2",
      "speaker": "Ben Carter",
      "timecode_s": null
    },
    "part2_0461": {
      "i": 247,
      "part": "part2",
      "speaker": "Emma Jones",
      "timecode_s": null
    },
    "part2_0462": {
      "i": 248,
      "part": "part2",
      "speaker": "Ben Carter",
      "timecode_s": null
    },
    "part2_0463": {
      "i": 249,
      "part": "part2",
      "speaker": "Emma Jones",
      "timecode_s": null
    },
    "part2_0464": {
      "i": 250,
      "part": "part2",
      "speaker": "Emma Jones",
      "timecode_s": null
    },
    "part2_0465": {
      "i": 251,
      "part": "part2",
      "speaker": "Ben Carter",
      "timecode_s": null
    },
    "part2_0466": {
      "i": 252,
      "part": "part2",
      "speaker": "Ben Carter",
      "timecode_s": null
    },
    "part2_0467": {
      "i": 253,
      "part": "part2",
      "speaker": "Emma Jones",
      "timecode_s": null
    },
    "part2_0468": {
      "i": 254,
      "part": "part2",
      "speaker": "Ben Carter",
      "timecode_s": null
    },
    "part2_0469": {
      "i": 255,
      "part": "part2",
      "speaker": "Emma Jones",
      "timecode_s": null
    },
    "part2_0470": {
      "i": 256,
      "part": "part2",
      "speaker": "Ben Carter",
      "timecode_s": null
    },
    "part2_0471": {
      "i": 257,
      "part": "part2",
      "speaker": "Emma Jones",
      "timecode_s": null
    },
    "part2_0472": {
      "i": 258,
      "part": "part2",
      "speaker": "Ben Carter",
      "timecode_s": null
    },
    "part2_0473": {
      "i": 259,
      "part": "part2",
      "speaker": "Emma Jones",
      "timecode_s": null
    },
    "part2_0474": {
      "i": 260,
      "part": "part2",
      "speaker": "Emma Jones",
      "timecode_s": null
    },
    "part2_0475": {
      "i": 261,
      "part": "part2",
      "speaker": "Emma Jones",
      "timecode_s": null
    },
    "part2_0476": {
      "i": 262,
      "part": "part2",
      "speaker": "Ben Carter",
      "timecode_s": null
    },
    "part2_0477": {
      "i": 263,
      "part": "part2",
      "speaker": "Emma Jones",
      "timecode_s": null
    },
    "part2_0478": {
      "i": 264,
      "part": "part2",
      "speaker": "Ben Carter",
      "timecode_s": null
    },
    "part2_0479": {
      "i": 265,
      "part": "part2",
      "speaker": "Emma Jones",
      "timecode_s": null
    },
    "part2_0480": {
      "i": 266,
      "part": "part2",
      "speaker": "Ben Carter",
      "timecode_s": null
    },
    "part2_0481": {
      "i": 267,
      "part": "part2",
      "speaker": "Emma Jones",
      "timecode_s": null
    },
    "part2_0482": {
      "i": 268,
      "part": "part2",
      "speaker": "Ben Carter",
      "timecode_s": null
    },
    "part2_0483": {
      "i": 269,
      "part": "part2",
      "speaker": "Emma Jones",
      "timecode_s": null
    },
    "part2_0484": {
      "i": 270,
      "part": "part2",
      "speaker": "Ben Carter",
      "timecode_s": null
    },
    "part2_0485": {
      "i": 271,
      "part": "part2",
      "speaker": "Emma Jones",
      "timecode_s": null
    },
    "part2_0486": {
      "i": 272,
      "part": "part2",
      "speaker": "Ben Carter",
      "timecode_s": null
    },
    "part2_0487": {
      "i": 273,
      "part": "part2",
      "speaker": "Emma Jones",
      "timecode_s": null
    },
    "part2_0488": {
      "i": 274,
      "part": "part2",
      "speaker": "Ben Carter",
      "timecode_s": null
    },
    "part2_0489": {
      "i": 275,
      "part": "part2",
      "speaker": "Emma Jones",
      "timecode_s": null
    },
    "part2_0490": {
      "i": 276,
      "part": "part2",
      "speaker": "Ben Carter",
      "timecode_s": null
    },
    "part2_0491": {
      "i": 277,
      "part": "part2",
      "speaker": "Emma Jones",
      "timecode_s": null
    },
    "part2_0492": {
      "i": 278,
      "part": "part2",
      "speaker": "Ben Carter",
      "timecode_s": null
    },
    "part2_0493": {
      "i": 279,
      "part": "part2",
      "speaker": "Emma Jones",
      "timecode_s": null
    },
    "part2_0494": {
      "i": 280,
      "part": "part2",
      "speaker": "Ben Carter",
      "timecode_s": null
    },
    "part2_0495": {
      "i": 281,
      "part": "part2",
      "speaker": "Emma Jones",
      "timecode_s": null
    },
    "part2_0496": {
      "i": 282,
      "part": "part2",
      "speaker": "Ben Carter",
      "timecode_s": null
    },
    "part2_0497": {
      "i": 283,
      "part": "part2",
      "speaker": "Emma Jones",
      "timecode_s": null
    },
    "part2_0498": {
      "i": 284,
      "part": "part2",
      "speaker": "Ben Carter",
      "timecode_s": null
    },
    "part2_0499": {
      "i": 285,
      "part": "part2",
      "speaker": "Emma Jones",
      "timecode_s": null
    },
    "part2_0500": {
      "i": 286,
      "part": "part2",
      "speaker": "Ben Carter",
      "timecode_s": null
    },
    "part2_0501": {
      "i": 287,
      "part": "part2",
      "speaker": "Emma Jones",
      "timecode_s": null
    },
    "part2_0502": {
      "i": 288,
      "part": "part2",
      "speaker": "Ben Carter",
      "timecode_s": null
    },
    "part2_0503": {
      "i": 289,
      "part": "part2",
      "speaker": "Ben Carter",
      "timecode_s": null
    },
    "part2_0504": {
      "i": 290,
      "part": "part2",
      "speaker": "Emma Jones",
      "timecode_s": null
    },
    "part2_0505": {
      "i": 291,
      "part": "part2",
      "speaker": "Ben Carter",
      "timecode_s": null
    },
    "part2_0506": {
      "i": 292,
      "part": "part2",
      "speaker": "Emma Jones",
      "timecode_s": null
    },
    "part2_0507": {
      "i": 293,
      "part": "part2",
      "speaker": "Ben Carter",
      "timecode_s": null
    },
    "part2_0508": {
      "i": 294,
      "part": "part2",
      "speaker": "Emma Jones",
      "timecode_s": null
    },
    "part2_0509": {
      "i": 295,
      "part": "part2",
      "speaker": "Ben Carter",
      "timecode_s": null
    },
    "part2_0510": {
      "i": 296,
      "part": "part2",
      "speaker": "Emma Jones",
      "timecode_s": null
    },
    "part2_0511": {
      "i": 297,
      "part": "part2",
      "speaker": "Ben Carter",
      "timecode_s": null
    },
    "part2_0512": {
      "i": 298,
      "part": "part2",
      "speaker": "Emma Jones",
      "timecode_s": null
    },
    "part2_0513": {
      "i": 299,
      "part": "part2",
      "speaker": "Emma Jones",
      "timecode_s": null
    },
    "part2_0514": {
      "i": 300,
      "part": "part2",
      "speaker": "Emma Jones",
      "timecode_s": null
    },
    "part2_0515": {
      "i": 301,
      "part": "part2",
      "speaker": "Ben Carter",
      "timecode_s": null
    },
    "part2_0516": {
      "i": 302,
      "part": "part2",
      "speaker": "Emma Jones",
      "timecode_s": null
    },
    "part2_0517": {
      "i": 303,
      "part": "part2",
      "speaker": "Ben Carter",
      "timecode_s": null
    },
    "part2_0518": {
      "i": 304,
      "part": "part2",
      "speaker": "Emma Jones",
      "timecode_s": null
    },
    "part2_0519": {
      "i": 305,
      "part": "part2",
      "speaker": "Ben Carter",
      "timecode_s": null
    },
    "part2_0520": {
      "i": 306,
      "part": "part2",
      "speaker": "Emma Jones",
      "timecode_s": null
    },
    "part2_0521": {
      "i": 307,
      "part": "part2",
      "speaker": "Ben Carter",
      "timecode_s": null
    },
    "part2_0522": {
      "i": 308,
      "part": "part2",
      "speaker": "Emma Jones",
      "timecode_s": null
    },
    "part2_0523": {
      "i": 309,
      "part": "part2",
      "speaker": "Ben Carter",
      "timecode_s": null
    },
    "part2_0524": {
      "i": 310,
      "part": "part2",
      "speaker": "Emma Jones",
      "timecode_s": null
    },
    "part2_0525": {
      "i": 311,
      "part": "part2",
      "speaker": "Emma Jones",
      "timecode_s": null
    },
    "part2_0526": {
      "i": 312,
      "part": "part2",
      "speaker": "Ben Carter",
      "timecode_s": null
    },
    "part2_0527": {
      "i": 313,
      "part": "part2",
      "speaker": "Emma Jones",
      "timecode_s": null
    },
    "part2_0528": {
      "i": 314,
      "part": "part2",
      "speaker": "Ben Carter",
      "timecode_s": null
    },
    "part2_0529": {
      "i": 315,
      "part": "part2",
      "speaker": "Ben Carter",
      "timecode_s": null
    },
    "part2_0530": {
      "i": 316,
      "part": "part2",
      "speaker": "Emma Jones",
      "timecode_s": null
    },
    "part2_0531": {
      "i": 317,
      "part": "part2",
      "speaker": "Ben Carter",
      "timecode_s": null
    },
    "part2_0532": {
      "i": 318,
      "part": "part2",
      "speaker": "Emma Jones",
      "timecode_s": null
    },
    "part2_0533": {
      "i": 319,
      "part": "part2",
      "speaker": "Emma Jones",
      "timecode_s": null
    },
    "part2_0534": {
      "i": 320,
      "part": "part2",
      "speaker": "Emma Jones",
      "timecode_s": null
    },
    "part2_0535": {
      "i": 321,
      "part": "part2",
      "speaker": "Ben Carter",
      "timecode_s": null
    },
    "part2_0536": {
      "i": 322,
      "part": "part2",
      "speaker": "Ben Carter",
      "timecode_s": null
    },
    "part2_0537": {
      "i": 323,
      "part": "part2",
      "speaker": "Emma Jones",
      "timecode_s": null
    },
    "part2_0538": {
      "i": 324,
      "part": "part2",
      "speaker": "Ben Carter",
      "timecode_s": null
    },
    "part2_0539": {
      "i": 325,
      "part": "part2",
      "speaker": "Ben Carter",
      "timecode_s": null
    },
    "part2_0540": {
      "i": 326,
      "part": "part2",
      "speaker": "Emma Jones",
      "timecode_s": null
    },
    "part2_0541": {
      "i": 327,
      "part": "part2",
      "speaker": "Ben Carter",
      "timecode_s": null
    },
    "part2_0542": {
      "i": 328,
      "part": "part2",
      "speaker": "Emma Jones",
      "timecode_s": null
    },
    "part2_0543": {
      "i": 329,
      "part": "part2",
      "speaker": "Emma Jones",
      "timecode_s": null
    },
    "part2_0544": {
      "i": 330,
      "part": "part2",
      "speaker": "Ben Carter",
      "timecode_s": null
    },
    "part2_0545": {
      "i": 331,
      "part": "part2",
      "speaker": "Emma Jones",
      "timecode_s": null
    },
    "part2_0546": {
      "i": 332,
      "part": "part2",
      "speaker": "Ben Carter",
      "timecode_s": null
    },
    "part2_0547": {
      "i": 333,
      "part": "part2",
      "speaker": "Emma Jones",
      "timecode_s": null
    },
    "part2_0548": {
      "i": 334,
      "part": "part2",
      "speaker": "Ben Carter",
      "timecode_s": null
    },
    "part2_0549": {
      "i": 335,
      "part": "part2",
      "speaker": "Emma Jones",
      "timecode_s": null
    },
    "part2_0550": {
      "i": 336,
      "part": "part2",
      "speaker": "Ben Carter",
      "timecode_s": null
    },
    "part2_0551": {
      "i": 337,
      "part": "part2",
      "speaker": "Emma Jones",
      "timecode_s": null
    },
    "part2_0552": {
      "i": 338,
      "part": "part2",
      "speaker": "Ben Carter",
      "timecode_s": null
    },
    "part2_0553": {
      "i": 339,
      "part": "part2",
      "speaker": "Emma Jones",
      "timecode_s": null
    },
    "part2_0554": {
      "i": 340,
      "part": "part2",
      "speaker": "Ben Carter",
      "timecode_s": null
    },
    "part2_0555": {
      "i": 341,
      "part": "part2",
      "speaker": "Ben Carter",
      "timecode_s": null
    },
    "part2_0556": {
      "i": 342,
      "part": "part2",
      "speaker": "Emma Jones",
      "timecode_s": null
    },
    "part2_0557": {
      "i": 343,
      "part": "part2",
      "speaker": "Ben Carter",
      "timecode_s": null
    },
    "part2_0558": {
      "i": 344,
      "part": "part2",
      "speaker": "Emma Jones",
      "timecode_s": null
    },
    "part2_0559": {
      "i": 345,
      "part": "part2",
      "speaker": "Ben Carter",
      "timecode_s": null
    },
    "part2_0560": {
      "i": 346,
      "part": "part2",
      "speaker": "Emma Jones",
      "timecode_s": null
    },
    "part2_0561": {
      "i": 347,
      "part": "part2",
      "speaker": "Ben Carter",
      "timecode_s": null
    },
    "part2_0562": {
      "i": 348,
      "part": "part2",
      "speaker": "Emma Jones",
      "timecode_s": null
    },
    "part2_0563": {
      "i": 349,
      "part": "part2",
      "speaker": "Ben Carter",
      "timecode_s": null
    },
    "part2_0564": {
      "i": 350,
      "part": "part2",
      "speaker": "Emma Jones",
      "timecode_s": null
    },
    "part2_0565": {
      "i": 351,
      "part": "part2",
      "speaker": "Ben Carter",
      "timecode_s": null
    },
    "part2_0566": {
      "i": 352,
      "part": "part2",
      "speaker": "Emma Jones",
      "timecode_s": null
    },
    "part2_0567": {
      "i": 353,
      "part": "part2",
      "speaker": "Emma Jones",
      "timecode_s": null
    },
    "part2_0568": {
      "i": 354,
      "part": "part2",
      "speaker": "Ben Carter",
      "timecode_s": null
    },
    "part2_0569": {
      "i": 355,
      "part": "part2",
      "speaker": "Ben Carter",
      "timecode_s": null
    },
    "part2_0570": {
      "i": 356,
      "part": "part2",
      "speaker": "Emma Jones",
      "timecode_s": null
    },
    "part2_0571": {
      "i": 357,
      "part": "part2",
      "speaker": "Ben Carter",
      "timecode_s": null
    },
    "part2_0572": {
      "i": 358,
      "part": "part2",
      "speaker": "Emma Jones",
      "timecode_s": null
    },
    "part2_0573": {
      "i": 359,
      "part": "part2",
      "speaker": "Ben Carter",
      "timecode_s": null
    },
    "part2_0574": {
      "i": 360,
      "part": "part2",
      "speaker": "Emma Jones",
      "timecode_s": null
    },
    "part2_0575": {
      "i": 361,
      "part": "part2",
      "speaker": "Ben Carter",
      "timecode_s": null
    },
    "part2_0576": {
      "i": 362,
      "part": "part2",
      "speaker": "Ben Carter",
      "timecode_s": null
    },
    "part2_0577": {
      "i": 363,
      "part": "part2",
      "speaker": "Emma Jones",
      "timecode_s": null
    },
    "part2_0578": {
      "i": 364,
      "part": "part2",
      "speaker": "Ben Carter",
      "timecode_s": null
    },
    "part2_0579": {
      "i": 365,
      "part": "part2",
      "speaker": "Emma Jones",
      "timecode_s": null
    },
    "part2_0580": {
      "i": 366,
      "part": "part2",
      "speaker": "Ben Carter",
      "timecode_s": null
    },
    "part2_0581": {
      "i": 367,
      "part": "part2",
      "speaker": "Emma Jones",
      "timecode_s": null
    },
    "part2_0582": {
      "i": 368,
      "part": "part2",
      "speaker": "Ben Carter",
      "timecode_s": null
    },
    "part2_0583": {
      "i": 369,
      "part": "part2",
      "speaker": "Emma Jones",
      "timecode_s": null
    },
    "part2_0584": {
      "i": 370,
      "part": "part2",
      "speaker": "Ben Carter",
      "timecode_s": null
    },
    "part2_0585": {
      "i": 371,
      "part": "part2",
      "speaker": "Emma Jones",
      "timecode_s": null
    },
    "part2_0586": {
      "i": 372,
      "part": "part2",
      "speaker": "Ben Carter",
      "timecode_s": null
    },
    "part2_0587": {
      "i": 373,
      "part": "part2",
      "speaker": "Ben Carter",
      "timecode_s": null
    },
    "part2_0588": {
      "i": 374,
      "part": "part2",
      "speaker": "Emma Jones",
      "timecode_s": null
    },
    "part2_0589": {
      "i": 375,
      "part": "part2",
      "speaker": "Ben Carter",
      "timecode_s": null
    },
    "part2_0590": {
      "i": 376,
      "part": "part2",
      "speaker": "Emma Jones",
      "timecode_s": null
    },
    "part2_0591": {
      "i": 377,
      "part": "part2",
      "speaker": "Ben Carter",
      "timecode_s": null
    },
    "part2_0592": {
      "i": 378,
      "part": "part2",
      "speaker": "Emma Jones",
      "timecode_s": null
    },
    "part2_0593": {
      "i": 379,
      "part": "part2",
      "speaker": "Ben Carter",
      "timecode_s": null
    },
    "part2_0594": {
      "i": 380,
      "part": "part2",
      "speaker": "Emma Jones",
      "timecode_s": null
    },
    "part2_0595": {
      "i": 381,
      "part": "part2",
      "speaker": "Ben Carter",
      "timecode_s": null
    },
    "part2_0596": {
      "i": 382,
      "part": "part2",
      "speaker": "Emma Jones",
      "timecode_s": null
    },
    "part2_0597": {
      "i": 383,
      "part": "part2",
      "speaker": "Ben Carter",
      "timecode_s": null
    },
    "part2_0598": {
      "i": 384,
      "part": "part2",
      "speaker": "Emma Jones",
      "timecode_s": null
    },
    "part2_0599": {
      "i": 385,
      "part": "part2",
      "speaker": "Ben Carter",
      "timecode_s": null
    },
    "part2_0600": {
      "i": 386,
      "part": "part2",
      "speaker": "Ben Carter",
      "timecode_s": null
    },
    "part2_0601": {
      "i": 387,
      "part": "part2",
      "speaker": "Emma Jones",
      "timecode_s": null
    },
    "part2_0602": {
      "i": 388,
      "part": "part2",
      "speaker": "Emma Jones",
      "timecode_s": null
    },
    "part2_0603": {
      "i": 389,
      "part": "part2",
      "speaker": "Ben Carter",
      "timecode_s": null
    },
    "part2_0604": {
      "i": 390,
      "part": "part2",
      "speaker": "Emma Jones",
      "timecode_s": null
    },
    "part2_0605": {
      "i": 391,
      "part": "part2",
      "speaker": "Ben Carter",
      "timecode_s": null
    },
    "part2_0606": {
      "i": 392,
      "part": "part2",
      "speaker": "Ben Carter",
      "timecode_s": null
    },
    "part2_0607": {
      "i": 393,
      "part": "part2",
      "speaker": "Ben Carter",
      "timecode_s": null
    },
    "part2_0608": {
      "i": 394,
      "part": "part2",
      "speaker": "Ben Carter",
      "timecode_s": null
    },
    "part2_0609": {
      "i": 395,
      "part": "part2",
      "speaker": "Ben Carter",
      "timecode_s": null
    },
    "part2_0610": {
      "i": 396,
      "part": "part2",
      "speaker": "Emma Jones",
      "timecode_s": null
    },
    "part2_0611": {
      "i": 397,
      "part": "part2",
      "speaker": "Ben Carter",
      "timecode_s": null
    },
    "part2_0612": {
      "i": 398,
      "part": "part2",
      "speaker": "Emma Jones",
      "timecode_s": null
    },
    "part2_0613": {
      "i": 399,
      "part": "part2",
      "speaker": "Ben Carter",
      "timecode_s": null
    },
    "part2_0614": {
      "i": 400,
      "part": "part2",
      "speaker": "Ben Carter",
      "timecode_s": null
    },
    "part2_0615": {
      "i": 401,
      "part": "part2",
      "speaker": "Emma Jones",
      "timecode_s": null
    },
    "part2_0616": {
      "i": 402,
      "part": "part2",
      "speaker": "Ben Carter",
      "timecode_s": null
    },
    "part2_0617": {
      "i": 403,
      "part": "part2",
      "speaker": "Emma Jones",
      "timecode_s": null
    },
    "part2_0618": {
      "i": 404,
      "part": "part2",
      "speaker": "Ben Carter",
      "timecode_s": null
    },
    "part2_0619": {
      "i": 405,
      "part": "part2",
      "speaker": "Emma Jones",
      "timecode_s": null
    },
    "part2_0620": {
      "i": 406,
      "part": "part2",
      "speaker": "Ben Carter",
      "timecode_s": null
    },
    "part2_0621": {
      "i": 407,
      "part": "part2",
      "speaker": "Emma Jones",
      "timecode_s": null
    },
    "part2_0622": {
      "i": 408,
      "part": "part2",
      "speaker": "Ben Carter",
      "timecode_s": null
    },
    "part2_0623": {
      "i": 409,
      "part": "part2",
      "speaker": "Emma Jones",
      "timecode_s": null
    },
    "part2_0624": {
      "i": 410,
      "part": "part2",
      "speaker": "Ben Carter",
      "timecode_s": null
    },
    "part2_0625": {
      "i": 411,
      "part": "part2",
      "speaker": "Emma Jones",
      "timecode_s": null
    },
    "part2_0626": {
      "i": 412,
      "part": "part2",
      "speaker": "Ben Carter",
      "timecode_s": null
    },
    "part2_0627": {
      "i": 413,
      "part": "part2",
      "speaker": "Emma Jones",
      "timecode_s": null
    },
    "part2_0628": {
      "i": 414,
      "part": "part2",
      "speaker": "Ben Carter",
      "timecode_s": null
    },
    "part2_0629": {
      "i": 415,
      "part": "part2",
      "speaker": "Emma Jones",
      "timecode_s": null
    },
    "part2_0630": {
      "i": 416,
      "part": "part2",
      "speaker": "Ben Carter",
      "timecode_s": null
    },
    "part2_0631": {
      "i": 417,
      "part": "part2",
      "speaker": "Emma Jones",
      "timecode_s": null
    },
    "part2_0632": {
      "i": 418,
      "part": "part2",
      "speaker": "Ben Carter",
      "timecode_s": null
    },
    "part2_0633": {
      "i": 419,
      "part": "part2",
      "speaker": "Emma Jones",
      "timecode_s": null
    },
    "part2_0634": {
      "i": 420,
      "part": "part2",
      "speaker": "Ben Carter",
      "timecode_s": null
    },
    "part2_0635": {
      "i": 421,
      "part": "part2",
      "speaker": "Emma Jones",
      "timecode_s": null
    },
    "part2_0636": {
      "i": 422,
      "part": "part2",
      "speaker": "Ben Carter",
      "timecode_s": null
    },
    "part2_0637": {
      "i": 423,
      "part": "part2",
      "speaker": "Emma Jones",
      "timecode_s": null
    },
    "part2_0638": {
      "i": 424,
      "part": "part2",
      "speaker": "Ben Carter",
      "timecode_s": null
    },
    "part2_0639": {
      "i": 425,
      "part": "part2",
      "speaker": "Emma Jones",
      "timecode_s": null
    },
    "part2_0640": {
      "i": 426,
      "part": "part2",
      "speaker": "Ben Carter",
      "timecode_s": null
    },
    "part2_0641": {
      "i": 427,
      "part": "part2",
      "speaker": "Ben Carter",
      "timecode_s": null
    },
    "part2_0642": {
      "i": 428,
      "part": "part2",
      "speaker": "Emma Jones",
      "timecode_s": null
    },
    "part2_0643": {
      "i": 429,
      "part": "part2",
      "speaker": "Ben Carter",
      "timecode_s": null
    },
    "part2_0644": {
      "i": 430,
      "part": "part2",
      "speaker": "Emma Jones",
      "timecode_s": null
    },
    "part2_0645": {
      "i": 431,
      "part": "part2",
      "speaker": "Ben Carter",
      "timecode_s": null
    },
    "part2_0646": {
      "i": 432,
      "part": "part2",
      "speaker": "Emma Jones",
      "timecode_s": null
    },
    "part2_0647": {
      "i": 433,
      "part": "part2",
      "speaker": "Ben Carter",
      "timecode_s": null
    },
    "part2_0648": {
      "i": 434,
      "part": "part2",
      "speaker": "Emma Jones",
      "timecode_s": null
    },
    "part2_0649": {
      "i": 435,
      "part": "part2",
      "speaker": "Ben Carter",
      "timecode_s": null
    },
    "part2_0650": {
      "i": 436,
      "part": "part2",
      "speaker": "Emma Jones",
      "timecode_s": null
    },
    "part2_0651": {
      "i": 437,
      "part": "part2",
      "speaker": "Ben Carter",
      "timecode_s": null
    },
    "part2_0652": {
      "i": 438,
      "part": "part2",
      "speaker": "Emma Jones",
      "timecode_s": null
    },
    "part2_0653": {
      "i": 439,
      "part": "part2",
      "speaker": "Ben Carter",
      "timecode_s": null
    },
    "part2_0654": {
      "i": 440,
      "part": "part2",
      "speaker": "Emma Jones",
      "timecode_s": null
    },
    "part2_0655": {
      "i": 441,
      "part": "part2",
      "speaker": "Emma Jones",
      "timecode_s": null
    },
    "part2_0656": {
      "i": 442,
      "part": "part2",
      "speaker": "Ben Carter",
      "timecode_s": null
    },
    "part2_0657": {
      "i": 443,
      "part": "part2",
      "speaker": "Ben Carter",
      "timecode_s": null
    },
    "part2_0658": {
      "i": 444,
      "part": "part2",
      "speaker": "Emma Jones",
      "timecode_s": null
    },
    "part2_0659": {
      "i": 445,
      "part": "part2",
      "speaker": "Ben Carter",
      "timecode_s": null
    },
    "part2_0660": {
      "i": 446,
      "part": "part2",
      "speaker": "Emma Jones",
      "timecode_s": null
    },
    "part2_0661": {
      "i": 447,
      "part": "part2",
      "speaker": "Emma Jones",
      "timecode_s": null
    },
    "part2_0662": {
      "i": 448,
      "part": "part2",
      "speaker": "Ben Carter",
      "timecode_s": null
    },
    "part2_0663": {
      "i": 449,
      "part": "part2",
      "speaker": "Emma Jones",
      "timecode_s": null
    },
    "part2_0664": {
      "i": 450,
      "part": "part2",
      "speaker": "Ben Carter",
      "timecode_s": null
    },
    "part2_0665": {
      "i": 451,
      "part": "part2",
      "speaker": "Emma Jones",
      "timecode_s": null
    },
    "part2_0666": {
      "i": 452,
      "part": "part2",
      "speaker": "Ben Carter",
      "timecode_s": null
    },
    "part2_0667": {
      "i": 453,
      "part": "part2",
      "speaker": "Emma Jones",
      "timecode_s": null
    },
    "part2_0668": {
      "i": 454,
      "part": "part2",
      "speaker": "Ben Carter",
      "timecode_s": null
    },
    "part2_0669": {
      "i": 455,
      "part": "part2",
      "speaker": "Emma Jones",
      "timecode_s": null
    },
    "part2_0670": {
      "i": 456,
      "part": "part2",
      "speaker": "Ben Carter",
      "timecode_s": null
    },
    "part2_0671": {
      "i": 457,
      "part": "part2",
      "speaker": "Emma Jones",
      "timecode_s": null
    },
    "part2_0672": {
      "i": 458,
      "part": "part2",
      "speaker": "Ben Carter",
      "timecode_s": null
    },
    "part2_0673": {
      "i": 459,
      "part": "part2",
      "speaker": "Emma Jones",
      "timecode_s": null
    },
    "part2_0674": {
      "i": 460,
      "part": "part2",
      "speaker": "Ben Carter",
      "timecode_s": null
    },
    "part2_0675": {
      "i": 461,
      "part": "part2",
      "speaker": "Emma Jones",
      "timecode_s": null
    },
    "part2_0676": {
      "i": 462,
      "part": "part2",
      "speaker": "Ben Carter",
      "timecode_s": null
    },
    "part2_0677": {
      "i": 463,
      "part": "part2",
      "speaker": "Emma Jones",
      "timecode_s": null
    },
    "part2_0678": {
      "i": 464,
      "part": "part2",
      "speaker": "Ben Carter",
      "timecode_s": null
    },
    "part2_0679": {
      "i": 465,
      "part": "part2",
      "speaker": "Emma Jones",
      "timecode_s": null
    },
    "part2_0680": {
      "i": 466,
      "part": "part2",
      "speaker": "Ben Carter",
      "timecode_s": null
    },
    "part2_0681": {
      "i": 467,
      "part": "part2",
      "speaker": "Emma Jones",
      "timecode_s": null
    },
    "part2_0682": {
      "i": 468,
      "part": "part2",
      "speaker": "Ben Carter",
      "timecode_s": null
    },
    "part2_0683": {
      "i": 469,
      "part": "part2",
      "speaker": "Emma Jones",
      "timecode_s": null
    },
    "part2_0684": {
      "i": 470,
      "part": "part2",
      "speaker": "Ben Carter",
      "timecode_s": null
    },
    "part2_0685": {
      "i": 471,
      "part": "part2",
      "speaker": "Emma Jones",
      "timecode_s": null
    },
    "part2_0686": {
      "i": 472,
      "part": "part2",
      "speaker": "Ben Carter",
      "timecode_s": null
    },
    "part2_0687": {
      "i": 473,
      "part": "part2",
      "speaker": "Emma Jones",
      "timecode_s": null
    },
    "part2_0688": {
      "i": 474,
      "part": "part2",
      "speaker": "Ben Carter",
      "timecode_s": null
    },
    "part2_0689": {
      "i": 475,
      "part": "part2",
      "speaker": "Ben Carter",
      "timecode_s": null
    },
    "part2_0690": {
      "i": 476,
      "part": "part2",
      "speaker": "Emma Jones",
      "timecode_s": null
    },
    "part2_0691": {
      "i": 477,
      "part": "part2",
      "speaker": "Ben Carter",
      "timecode_s": null
    },
    "part2_0692": {
      "i": 478,
      "part": "part2",
      "speaker": "Emma Jones",
      "timecode_s": null
    },
    "part2_0693": {
      "i": 479,
      "part": "part2",
      "speaker": "Ben Carter",
      "timecode_s": null
    },
    "part2_0694": {
      "i": 480,
      "part": "part2",
      "speaker": "Emma Jones",
      "timecode_s": null
    },
    "part2_0695": {
      "i": 481,
      "part": "part2",
      "speaker": "Ben Carter",
      "timecode_s": null
    },
    "part2_0696": {
      "i": 482,
      "part": "part2",
      "speaker": "Emma Jones",
      "timecode_s": null
    },
    "part2_0697": {
      "i": 483,
      "part": "part2",
      "speaker": "Ben Carter",
      "timecode_s": null
    },
    "part2_0698": {
      "i": 484,
      "part": "part2",
      "speaker": "Emma Jones",
      "timecode_s": null
    },
    "part2_0699": {
      "i": 485,
      "part": "part2",
      "speaker": "Ben Carter",
      "timecode_s": null
    },
    "part2_0700": {
      "i": 486,
      "part": "part2",
      "speaker": "Emma Jones",
      "timecode_s": null
    },
    "part2_0701": {
      "i": 487,
      "part": "part2",
      "speaker": "Ben Carter",
      "timecode_s": null
    },
    "part2_0702": {
      "i": 488,
      "part": "part2",
      "speaker": "Ben Carter",
      "timecode_s": null
    },
    "part2_0703": {
      "i": 489,
      "part": "part2",
      "speaker": "Emma Jones",
      "timecode_s": null
    },
    "part2_0704": {
      "i": 490,
      "part": "part2",
      "speaker": "Ben Carter",
      "timecode_s": null
    },
    "part2_0705": {
      "i": 491,
      "part": "part2",
      "speaker": "Emma Jones",
      "timecode_s": null
    },
    "part2_0706": {
      "i": 492,
      "part": "part2",
      "speaker": "Ben Carter",
      "timecode_s": null
    },
    "part2_0707": {
      "i": 493,
      "part": "part2",
      "speaker": "Ben Carter",
      "timecode_s": null
    },
    "part2_0708": {
      "i": 494,
      "part": "part2",
      "speaker": "Emma Jones",
      "timecode_s": null
    },
    "part2_0709": {
      "i": 495,
      "part": "part2",
      "speaker": "Ben Carter",
      "timecode_s": null
    },
    "part2_0710": {
      "i": 496,
      "part": "part2",
      "speaker": "Emma Jones",
      "timecode_s": null
    },
    "part2_0711": {
      "i": 497,
      "part": "part2",
      "speaker": "Ben Carter",
      "timecode_s": null
    },
    "part2_0712": {
      "i": 498,
      "part": "part2",
      "speaker": "Emma Jones",
      "timecode_s": null
    },
    "part2_0713": {
      "i": 499,
      "part": "part2",
      "speaker": "Ben Carter",
      "timecode_s": null
    },
    "part2_0714": {
      "i": 500,
      "part": "part2",
      "speaker": "Ben Carter",
      "timecode_s": null
    },
    "part2_0715": {
      "i": 501,
      "part": "part2",
      "speaker": "Emma Jones",
      "timecode_s": null
    },
    "part2_0716": {
      "i": 502,
      "part": "part2",
      "speaker": "Ben Carter",
      "timecode_s": null
    },
    "part2_0717": {
      "i": 503,
      "part": "part2",
      "speaker": "Ben Carter",
      "timecode_s": null
    },
    "part2_0718": {
      "i": 504,
      "part": "part2",
      "speaker": "Emma Jones",
      "timecode_s": null
    },
    "part2_0719": {
      "i": 505,
      "part": "part2",
      "speaker": "Emma Jones",
      "timecode_s": null
    },
    "part2_0720": {
      "i": 506,
      "part": "part2",
      "speaker": "Ben Carter",
      "timecode_s": null
    },
    "part2_0721": {
      "i": 507,
      "part": "part2",
      "speaker": "Emma Jones",
      "timecode_s": null
    },
    "part2_0722": {
      "i": 508,
      "part": "part2",
      "speaker": "Ben Carter",
      "timecode_s": null
    },
    "part2_0723": {
      "i": 509,
      "part": "part2",
      "speaker": "Emma Jones",
      "timecode_s": null
    },
    "part2_0724": {
      "i": 510,
      "part": "part2",
      "speaker": "Ben Carter",
      "timecode_s": null
    },
    "part2_0725": {
      "i": 511,
      "part": "part2",
      "speaker": "Emma Jones",
      "timecode_s": null
    },
    "part2_0726": {
      "i": 512,
      "part": "part2",
      "speaker": "Emma Jones",
      "timecode_s": null
    },
    "part2_0727": {
      "i": 513,
      "part": "part2",
      "speaker": "Ben Carter",
      "timecode_s": null
    },
    "part2_0728": {
      "i": 514,
      "part": "part2",
      "speaker": "Emma Jones",
      "timecode_s": null
    },
    "part2_0729": {
      "i": 515,
      "part": "part2",
      "speaker": "Ben Carter",
      "timecode_s": null
    },
    "part2_0730": {
      "i": 516,
      "part": "part2",
      "speaker": "Emma Jones",
      "timecode_s": null
    },
    "part2_0731": {
      "i": 517,
      "part": "part2",
      "speaker": "Ben Carter",
      "timecode_s": null
    },
    "part2_0732": {
      "i": 518,
      "part": "part2",
      "speaker": "Emma Jones",
      "timecode_s": null
    },
    "part2_0733": {
      "i": 519,
      "part": "part2",
      "speaker": "Ben Carter",
      "timecode_s": null
    },
    "part2_0734": {
      "i": 520,
      "part": "part2",
      "speaker": "Emma Jones",
      "timecode_s": null
    },
    "part2_0735": {
      "i": 521,
      "part": "part2",
      "speaker": "Ben Carter",
      "timecode_s": null
    },
    "part2_0736": {
      "i": 522,
      "part": "part2",
      "speaker": "Emma Jones",
      "timecode_s": null
    },
    "part2_0737": {
      "i": 523,
      "part": "part2",
      "speaker": "Ben Carter",
      "timecode_s": null
    },
    "part2_0738": {
      "i": 524,
      "part": "part2",
      "speaker": "Emma Jones",
      "timecode_s": null
    },
    "part2_0739": {
      "i": 525,
      "part": "part2",
      "speaker": "Ben Carter",
      "timecode_s": null
    },
    "part2_0740": {
      "i": 526,
      "part": "part2",
      "speaker": "Emma Jones",
      "timecode_s": null
    },
    "part2_0741": {
      "i": 527,
      "part": "part2",
      "speaker": "Ben Carter",
      "timecode_s": null
    },
    "part2_0742": {
      "i": 528,
      "part": "part2",
      "speaker": "Emma Jones",
      "timecode_s": null
    },
    "part2_0743": {
      "i": 529,
      "part": "part2",
      "speaker": "Ben Carter",
      "timecode_s": null
    },
    "part2_0744": {
      "i": 530,
      "part": "part2",
      "speaker": "Emma Jones",
      "timecode_s": null
    },
    "part2_0745": {
      "i": 531,
      "part": "part2",
      "speaker": "Ben Carter",
      "timecode_s": null
    },
    "part2_0746": {
      "i": 532,
      "part": "part2",
      "speaker": "Emma Jones",
      "timecode_s": null
    },
    "part2_0747": {
      "i": 533,
      "part": "part2",
      "speaker": "Ben Carter",
      "timecode_s": null
    },
    "part2_0748": {
      "i": 534,
      "part": "part2",
      "speaker": "Emma Jones",
      "timecode_s": null
    },
    "part2_0749": {
      "i": 535,
      "part": "part2",
      "speaker": "Ben Carter",
      "timecode_s": null
    },
    "part2_0750": {
      "i": 536,
      "part": "part2",
      "speaker": "Ben Carter",
      "timecode_s": null
    },
    "part2_0751": {
      "i": 537,
      "part": "part2",
      "speaker": "Emma Jones",
      "timecode_s": null
    },
    "part2_0752": {
      "i": 538,
      "part": "part2",
      "speaker": "Ben Carter",
      "timecode_s": null
    },
    "part2_0753": {
      "i": 539,
      "part": "part2",
      "speaker": "Emma Jones",
      "timecode_s": null
    },
    "part2_0754": {
      "i": 540,
      "part": "part2",
      "speaker": "Ben Carter",
      "timecode_s": null
    },
    "part2_0755": {
      "i": 541,
      "part": "part2",
      "speaker": "Emma Jones",
      "timecode_s": null
    },
    "part2_0756": {
      "i": 542,
      "part": "part2",
      "speaker": "Ben Carter",
      "timecode_s": null
    },
    "part2_0757": {
      "i": 543,
      "part": "part2",
      "speaker": "Emma Jones",
      "timecode_s": null
    },
    "part2_0758": {
      "i": 544,
      "part": "part2",
      "speaker": "Ben Carter",
      "timecode_s": null
    }
  }
}