{
  "files": [
    {
      "path": "01_evidence/veritas/VERITAS_MERGED_2025-08-25.json",
      "filename": "VERITAS_MERGED_2025-08-25.json",
      "sha256": "f6a0e505fa4774dac526a3a9ecdbf874f74d19787300e5a83fb5ed7a84eca6d8",
      "bytes": 543634,
      "generated": "2025-08-25T04:12:10.126205Z"
    },
    {
      "path": "01_evidence/veritas/VERITAS_MERGED_2025-08-25_summary.csv",
      "filename": "VERITAS_MERGED_2025-08-25_summary.csv",
      "sha256": "7f29917ba3506ded3abef41bf1125fdba38ab8d6a0670b756c987c6dd8392525",
      "bytes": 82766,
      "generated": "2025-08-25T04:12:10.143655Z"
    },
    {
      "path": "01_evidence/veritas/VERITAS_MERGED_2025-08-25_SCHEMA.md",
      "filename": "VERITAS_MERGED_2025-08-25_SCHEMA.md",
      "sha256": "74e771861e27476b8366b44365579f3ecb24a93723ad95a4e299815c97456dc1",
      "bytes": 1731,
      "generated": "2025-08-25T04:12:10.444814Z"
    },
    {
      "path": "01_evidence/veritas/VERITAS_SPLIT_ASSERTIONS_2025-08-25.json",
      "filename": "VERITAS_SPLIT_ASSERTIONS_2025-08-25.json",
      "sha256": "c41510093fa676d97d0b6ef3d034354643b40900087216421a297a8678f7b9cb",
      "bytes": 224641,
      "generated": "2025-08-25T04:14:09.424974Z"
    },
    {
      "path": "01_evidence/veritas/VERITAS_SPLIT_CLASHES_2025-08-25.json",
      "filename": "VERITAS_SPLIT_CLASHES_2025-08-25.json",
      "sha256": "baad975e81cb1b9119c3492d0317cac79ad2b47bd7fd0f1d94b45ec2b689a228",
      "bytes": 227598,
      "generated": "2025-08-25T04:14:09.438762Z"
    },
    {
      "path": "01_evidence/veritas/VERITAS_SPLIT_MODULES_META_2025-08-25.json",
      "filename": "VERITAS_SPLIT_MODULES_META_2025-08-25.json",
      "sha256": "d21afd99227127a04c76f26101d3af6f2ba0a684c959c79e13fafa5d358e063e",
      "bytes": 943,
      "generated": "2025-08-25T04:14:09.439117Z"
    },
    {
      "path": "01_evidence/veritas/VERITAS_SPLIT_MASTERS_2025-08-25.json",
      "filename": "VERITAS_SPLIT_MASTERS_2025-08-25.json",
      "sha256": "44883c22f9482b290b7ad349f9e03471de882eafa81b0526f8355e2c400c8fe9",
      "bytes": 38900,
      "generated": "2025-08-25T04:14:09.440919Z"
    },
    {
      "path": "01_evidence/veritas/VERITAS_SPLIT_STATS_2025-08-25.json",
      "filename": "VERITAS_SPLIT_STATS_2025-08-25.json",
      "sha256": "fc35cb0427bbeb7b03624a229ffe5950918605a6ca0dbb9b7aecad7658367237",
      "bytes": 255,
      "generated": "2025-08-25T04:14:09.441309Z"
    },
    {
      "path": "01_evidence/veritas/VERITAS_SPLIT_UID_INDEX_2025-08-25.json",
      "filename": "VERITAS_SPLIT_UID_INDEX_2025-08-25.json",
      "sha256": "5d17ae3ba7732fc63f3f634283de069d24a079c5a9788182cda2ec61a697d028",
      "bytes": 66704,
      "generated": "2025-08-25T04:14:09.445081Z"
    },
    {
      "path": "01_evidence/veritas/VERITAS_SPLIT_README_2025-08-25.md",
      "filename": "VERITAS_SPLIT_README_2025-08-25.md",
      "sha256": "66ba560d4fffa8a2aa74efd8affec08cafe2167c8fa0b1137c0e94037f5b178d",
      "bytes": 1140,
      "generated": "2025-08-25T04:14:09.445417Z"
    },
    {
      "path": "01_evidence/veritas/VERITAS_README_2025-08-25.md",
      "filename": "VERITAS_README_2025-08-25.md",
      "sha256": "50a4802411918883b0505c5fbd65cafbb0a09cf22e265331c92ec448c244eadb",
      "bytes": 1460,
      "generated": "2025-08-25T04:08:39.003375Z"
    },
    {
      "path": "01_evidence/veritas/VERITAS_DASHBOARD_PREVIEW_2025-08-25.html",
      "filename": "VERITAS_DASHBOARD_PREVIEW_2025-08-25.html",
      "sha256": "dacbea646d1931bffd018a017b435a3601f55aa7375b8bcfcb22017a0adfeace",
      "bytes": 189466,
      "generated": "2025-08-25T04:17:28.083067Z"
    },
    {
      "path": "01_evidence/veritas/VERITAS_DASHBOARD_PIVOT_2025-08-25.xlsx",
      "filename": "VERITAS_DASHBOARD_PIVOT_2025-08-25.xlsx",
      "sha256": "08245a369a90223d098e781143897140c9c4524fda1ad50184543150086de5b0",
      "bytes": 52623,
      "generated": "2025-08-25T04:18:51.054886Z"
    }
  ],
  "missing": [
    "VERITAS_MASTER_BUNDLE_2025-08-25.json",
    "VERITAS_ASSERTIONS_INDEX_2025-08-25.csv"
  ]
}