{
  "meta": {
    "name": "VEX_UNDERCOVER_VICTIM_BUNDLE",
    "version": "v1",
    "generated_utc": "2025-08-26T04:34:18.468422Z",
    "source_priority": [
      "Master Complaint.txt",
      "Section 2_ The Core Complaint & Timeline of Failure.docx.txt",
      "01_ Complainant\u2019s Foreword.txt"
    ],
    "case_references": [
      "47240141246",
      "47240214305",
      "CIT1201684"
    ],
    "series_title": "The Undercover Victim",
    "updated_utc": "2025-08-26T05:30:55.601296Z",
    "notes": [
      "Merged VEX_PATCH_Coercion_Dance_v1 into bundle; base=/mnt/data/VEX_UNDERCOVER_VICTIM_BUNDLE_v1.json.",
      "Merged C2 Part 2 from VEX_PATCH_Coercion_Dance_Part2_v1 (base=/mnt/data/VEX_UNDERCOVER_VICTIM_BUNDLE_v1.2.json).",
      "Merged evidence voicemail 2025-05-27 18:19; base=/mnt/data/VEX_UNDERCOVER_VICTIM_BUNDLE_v1.3.json.",
      "Added welfare check evidence (17 May 2025 17:33); base=/mnt/data/VEX_UNDERCOVER_VICTIM_BUNDLE_v1.4.json.",
      "Added PC Clarke welfare-texts evidence; base=/mnt/data/VEX_UNDERCOVER_VICTIM_BUNDLE_v1.5.json."
    ]
  },
  "tag_legend": {
    "SAFEGUARDING_FAILURE": "Safeguarding steps missed or delayed despite risk disclosures.",
    "EVIDENCE_SUPPRESSION": "Evidence ignored, sidelined, or mishandled (incl. deletion).",
    "GDPR_ACCESS_REFUSAL": "Personal data access blocked without specific, lawful basis.",
    "RECORDING_HANDLING": "Issues around logging, retention, deletion, or audit of audio/records.",
    "NFA_PREMATURE_COMMUNICATION": "Outcome-style messaging to suspect prior to safeguarding or completion.",
    "DEATH_BY_SILENCE": "Escalating harm caused by non-response or delay.",
    "TIMELINE_MANIPULATION": "Conflicting dates, back-dating, or reframing that alters chronology.",
    "REPUTATIONAL_HARM": "Narrative/brand damage, public standing affected.",
    "ONUS_PROBANDI_LOGIC": "Burden-of-proof / evidence standards explicitly engaged.",
    "GOVERNANCE_FAILURE": "Organisational governance or charity-law failure indicators.",
    "VICTIMS_CODE": "Victims' Code rights and duties implicated.",
    "DPA_GDPR": "UK GDPR / DPA 2018 duties and limits implicated.",
    "RECORDS_AUDIT": "Records management & audit trail duties implicated.",
    "WELFARE_CHECK": "An attended welfare visit/check and its recording/aftercare obligations.",
    "DISSOCIATION_EFFECT": "Psychological disconnection caused by procedural neglect and reputational handling.",
    "INSTITUTIONAL_FAMILIARITY": "Frontline acknowledgement of a recurring pattern/figure (e.g., 'Duffy\u2019s tricks').",
    "IMMINENT_RISK_STATEMENT": "Explicit statement of life-threatening risk made to 101/999 requiring escalation.",
    "SUICIDAL_DISCLOSURE_ACKNOWLEDGED": "A communication explicitly acknowledges suicidal disclosure.",
    "NO_ACTIVE_ESCALATION": "No immediate safeguarding escalation evident; responsibility delegated back to victim.",
    "SAFEGUARDING_DUTY_FAILED": "Safeguarding duty not met in the circumstances.",
    "TRAUMA_UNADDRESSED": "Emotional/psychological risk acknowledged without meaningful support or action.",
    "LATE_INTERVENTION_AFTER_SUICIDE": "Safeguarding/police attendance occurring long after a suicide attempt or disclosure.",
    "DAMAGE_CONTROL_VISIT": "Attendance aligned with reputational risk rather than immediate safeguarding.",
    "INSTITUTIONAL_GASLIGHTING": "Claimed lack of knowledge despite institutional awareness; reframing away from accountability.",
    "FORCED_NARRATIVE_RESET": "Visit reframed as 'support' to reset/avoid criminal accountability trail.",
    "CONCERN_FOR_WELFARE_PRETEXT": "\u2018Concern for your welfare\u2019 language used without prior case engagement/ownership to justify unannounced attendance.",
    "NO_CASE_OWNERSHIP": "No identified, accountable officer; contact defers to unspecified colleagues."
  },
  "sections": [
    {
      "id": "1",
      "title": "Complainant\u2019s Foreword",
      "series_key": "sec1_foreword",
      "parts": [
        {
          "part": 1,
          "entries": [
            {
              "text": "This complaint arises from repeated safeguarding failures and institutional silence following my first plea for help ('Police, please.') and the loss of a loved one that compels meticulous documentation.",
              "vex_tags": [
                "SAFEGUARDING_FAILURE",
                "DEATH_BY_SILENCE",
                "ONUS_PROBANDI_LOGIC",
                "VICTIMS_CODE"
              ],
              "contradictions": [
                "DEATH_BY_SILENCE"
              ],
              "timeline_hooks": [
                "PersonalEvidence"
              ],
              "legal_refs": [
                "VictimsCode"
              ],
              "evidence_refs": [
                "SUBMISSION_2024-07-21_PolicePlease_Cover.txt"
              ],
              "emotional_tone": "resolute",
              "undated_flag": false,
              "metrics": {}
            },
            {
              "text": "The purpose of this file is to create a transparent record others can test, not a narrative advantage.",
              "vex_tags": [
                "ONUS_PROBANDI_LOGIC",
                "RECORDS_AUDIT"
              ],
              "contradictions": [],
              "timeline_hooks": [
                "PersonalEvidence"
              ],
              "legal_refs": [
                "Records_Management"
              ],
              "evidence_refs": [],
              "emotional_tone": "determined",
              "undated_flag": false,
              "metrics": {}
            }
          ],
          "delta_findings": []
        }
      ]
    },
    {
      "id": "2",
      "title": "The Core Complaint & Timeline of Failures",
      "series_key": "sec2_core",
      "parts": [
        {
          "part": 1,
          "entries": [
            {
              "text": "Safeguarding breached; evidence mishandled; suicide risk not consistently logged; institutional minimisation; potential misconduct in public office.",
              "vex_tags": [
                "SAFEGUARDING_FAILURE",
                "EVIDENCE_SUPPRESSION",
                "TIMELINE_MANIPULATION",
                "VICTIMS_CODE"
              ],
              "contradictions": [],
              "timeline_hooks": [
                "SussexPolice"
              ],
              "legal_refs": [
                "VictimsCode"
              ],
              "evidence_refs": [],
              "emotional_tone": "determined",
              "undated_flag": false,
              "metrics": {}
            },
            {
              "text": "24 Jul\u2013Nov 2024: Early report dismissed; 7 Nov 2024 note states key audio was 'listened to & deleted'.",
              "vex_tags": [
                "EVIDENCE_SUPPRESSION",
                "RECORDING_HANDLING",
                "RECORDS_AUDIT"
              ],
              "contradictions": [
                "LOST_EVIDENCE_SUSSEX_POLICE"
              ],
              "timeline_hooks": [
                "SussexPolice"
              ],
              "legal_refs": [],
              "evidence_refs": [
                "EVID_2024-07-XX_July_Call.mp3",
                "LOG_2024-11-07_Dixon_listened_deleted.txt"
              ],
              "emotional_tone": "determined",
              "undated_flag": false,
              "metrics": {}
            },
            {
              "text": "12 Feb\u2013Mar 2025: Bail-confirmation period includes an unredacted internal forward and a flat visit without BWV.",
              "vex_tags": [
                "GDPR_ACCESS_REFUSAL",
                "RECORDS_AUDIT"
              ],
              "contradictions": [],
              "timeline_hooks": [
                "SussexPolice"
              ],
              "legal_refs": [
                "DPA_GDPR"
              ],
              "evidence_refs": [
                "EMAIL_2025-02-12_Bail_confirm_forward_unredacted.eml"
              ],
              "emotional_tone": "determined",
              "undated_flag": false,
              "metrics": {}
            },
            {
              "text": "22 Apr 2025: Procedural inversion portrays lawful conduct as suspect; 27 Apr 2025 NFA-style message sent to suspect prior to safeguarding meeting.",
              "vex_tags": [
                "TIMELINE_MANIPULATION",
                "NFA_PREMATURE_COMMUNICATION",
                "DEATH_BY_SILENCE"
              ],
              "contradictions": [
                "DEATH_BY_SILENCE"
              ],
              "timeline_hooks": [
                "SussexPolice"
              ],
              "legal_refs": [],
              "evidence_refs": [
                "EMAIL_2025-04-22_Procedural_Inversion.txt",
                "EMAIL_2025-04-27_NFA_to_Suspect_prior_meeting.eml"
              ],
              "emotional_tone": "determined",
              "undated_flag": false,
              "metrics": {}
            },
            {
              "text": "Apr\u2013Jun 2025: Suicide attempt not properly logged; post-closure SAR refused on 25 Jun 2025.",
              "vex_tags": [
                "SAFEGUARDING_FAILURE",
                "GDPR_ACCESS_REFUSAL",
                "VICTIMS_CODE"
              ],
              "contradictions": [
                "CROWBARRING_MYSELF_JUSTICE",
                "DEATH_BY_SILENCE"
              ],
              "timeline_hooks": [
                "SussexPolice",
                "PersonalEvidence"
              ],
              "legal_refs": [
                "VictimsCode",
                "DPA_GDPR"
              ],
              "evidence_refs": [
                "NOTE_2025-04-06_Suicide_Attempt.txt",
                "SAR_2025-06-25_Refusal_After_Closure.pdf"
              ],
              "emotional_tone": "determined",
              "undated_flag": false,
              "metrics": {}
            },
            {
              "text": "Brighton Fringe May\u2013Jun 2025: safeguarding disclosures unmet; retaliatory narrative and minutes withheld pending unilateral approval.",
              "vex_tags": [
                "SAFEGUARDING_FAILURE",
                "GOVERNANCE_FAILURE",
                "REPUTATIONAL_HARM"
              ],
              "contradictions": [],
              "timeline_hooks": [
                "BrightonFringe"
              ],
              "legal_refs": [],
              "evidence_refs": [
                "EMAIL_2025-07-20_BF_Minutes_Refusal.eml"
              ],
              "emotional_tone": "determined",
              "undated_flag": false,
              "metrics": {}
            }
          ],
          "delta_findings": []
        }
      ]
    },
    {
      "id": "3",
      "title": "Investigation & Findings",
      "series_key": "sec3_investigation",
      "parts": [
        {
          "part": 1,
          "subsections": [
            {
              "id": "3.1",
              "title": "From Victim to Investigator: A Case Study in Forced Self\u2011Advocacy",
              "entries": [
                {
                  "text": "After repeated safeguarding and disclosure failures, I assumed investigative functions to preserve and present evidence others should have logged and acted upon.",
                  "vex_tags": [
                    "SAFEGUARDING_FAILURE",
                    "ONUS_PROBANDI_LOGIC",
                    "RECORDS_AUDIT"
                  ],
                  "contradictions": [],
                  "timeline_hooks": [
                    "PersonalEvidence"
                  ],
                  "legal_refs": [],
                  "evidence_refs": [
                    "EVID_2024-07-XX_July_Call.mp3",
                    "TRANSCRIPT_2025-04-11_101_Crowbarring_Myself_Justice_(1..3).txt"
                  ],
                  "emotional_tone": "determined",
                  "undated_flag": false,
                  "metrics": {}
                },
                {
                  "text": "Structured three interlinked chronologies to locate contradictions and test institutional narratives against dated artefacts.",
                  "vex_tags": [
                    "TIMELINE_MANIPULATION",
                    "RECORDS_AUDIT"
                  ],
                  "contradictions": [],
                  "timeline_hooks": [
                    "SussexPolice",
                    "BrightonFringe",
                    "PersonalEvidence"
                  ],
                  "legal_refs": [],
                  "evidence_refs": [],
                  "emotional_tone": "determined",
                  "undated_flag": false,
                  "metrics": {}
                },
                {
                  "text": "Prejudicial information asymmetry documented: suspect informed of outcomes while safeguarding meetings were pending or incomplete.",
                  "vex_tags": [
                    "NFA_PREMATURE_COMMUNICATION",
                    "DEATH_BY_SILENCE"
                  ],
                  "contradictions": [],
                  "timeline_hooks": [
                    "SussexPolice"
                  ],
                  "legal_refs": [],
                  "evidence_refs": [
                    "EMAIL_2025-04-27_NFA_to_Suspect_prior_meeting.eml"
                  ],
                  "emotional_tone": "determined",
                  "undated_flag": false,
                  "metrics": {}
                },
                {
                  "text": "Post-closure SAR refusal demonstrates data-rights obstruction after the reason for initial exemptions had expired.",
                  "vex_tags": [
                    "GDPR_ACCESS_REFUSAL",
                    "DPA_GDPR"
                  ],
                  "contradictions": [],
                  "timeline_hooks": [
                    "SussexPolice"
                  ],
                  "legal_refs": [
                    "DPA_GDPR"
                  ],
                  "evidence_refs": [
                    "SAR_2025-06-25_Refusal_After_Closure.pdf"
                  ],
                  "emotional_tone": "determined",
                  "undated_flag": false,
                  "metrics": {}
                }
              ],
              "delta_findings": []
            },
            {
              "id": "3.2",
              "title": "Chain\u2011of\u2011Custody & the July Call: What the Logs Must Show",
              "entries": [
                {
                  "text": "Audit trail must reveal ingest, access, and any deletion authorisation for the July call(s).",
                  "vex_tags": [
                    "RECORDING_HANDLING",
                    "EVIDENCE_SUPPRESSION",
                    "RECORDS_AUDIT"
                  ],
                  "contradictions": [
                    "LOST_EVIDENCE_SUSSEX_POLICE"
                  ],
                  "timeline_hooks": [],
                  "legal_refs": [],
                  "evidence_refs": [
                    "EVID_2024-07-XX_July_Call.mp3",
                    "LOG_2024-11-07_Dixon_listened_deleted.txt"
                  ],
                  "emotional_tone": "determined",
                  "undated_flag": false,
                  "metrics": {}
                }
              ],
              "delta_findings": []
            },
            {
              "id": "3.3",
              "title": "The Silence Ladder: Each Non\u2011Reply Increases Harm",
              "entries": [
                {
                  "text": "Each unanswered safeguarding contact adds harm and legal exposure; quantify elapsed days, missed opportunities, and escalation points.",
                  "vex_tags": [
                    "DEATH_BY_SILENCE",
                    "SAFEGUARDING_FAILURE"
                  ],
                  "contradictions": [],
                  "timeline_hooks": [
                    "SussexPolice"
                  ],
                  "legal_refs": [],
                  "evidence_refs": [],
                  "emotional_tone": "determined",
                  "undated_flag": false,
                  "metrics": {
                    "elapsed_days": null,
                    "unanswered_contacts": null
                  }
                }
              ],
              "delta_findings": []
            },
            {
              "id": "3.4",
              "title": "Case Start Date Contortions: A Timeline Integrity Test",
              "entries": [
                {
                  "text": "Resolve conflicting 'case start' narratives by comparing first-record creation, first action, and external confirmations (e.g., Veritas liaison).",
                  "vex_tags": [
                    "TIMELINE_MANIPULATION",
                    "RECORDS_AUDIT"
                  ],
                  "contradictions": [],
                  "timeline_hooks": [
                    "SussexPolice"
                  ],
                  "legal_refs": [],
                  "evidence_refs": [
                    "WhatsApp_A09_PC_Dixon_export.txt",
                    "Veritas_A10_EmmaJones_export.txt"
                  ],
                  "emotional_tone": "determined",
                  "undated_flag": false,
                  "metrics": {}
                }
              ],
              "delta_findings": []
            },
            {
              "id": "3.5",
              "title": "NFA Before Safeguarding: Decision Path Audit",
              "entries": [
                {
                  "text": "Assess whether 27 Apr 2025 communication to the suspect pre\u2011empted safeguarding and due process; identify decision\u2011makers and rationale.",
                  "vex_tags": [
                    "NFA_PREMATURE_COMMUNICATION",
                    "SAFEGUARDING_FAILURE"
                  ],
                  "contradictions": [],
                  "timeline_hooks": [
                    "SussexPolice"
                  ],
                  "legal_refs": [],
                  "evidence_refs": [
                    "EMAIL_2025-04-27_NFA_to_Suspect_prior_meeting.eml"
                  ],
                  "emotional_tone": "determined",
                  "undated_flag": false,
                  "metrics": {}
                }
              ],
              "delta_findings": []
            },
            {
              "id": "3.6",
              "title": "Data Rights Blocked and Bent: SAR Handling After Closure",
              "entries": [
                {
                  "text": "Re\u2011evaluate SAR refusals post\u2011closure and require specific lawful bases for any ongoing withholding.",
                  "vex_tags": [
                    "GDPR_ACCESS_REFUSAL",
                    "DPA_GDPR"
                  ],
                  "contradictions": [],
                  "timeline_hooks": [
                    "SussexPolice"
                  ],
                  "legal_refs": [
                    "DPA_GDPR"
                  ],
                  "evidence_refs": [
                    "SAR_2025-06-25_Refusal_After_Closure.pdf"
                  ],
                  "emotional_tone": "determined",
                  "undated_flag": false,
                  "metrics": {}
                }
              ],
              "delta_findings": []
            },
            {
              "id": "3.7",
              "title": "External Confirmations: Third\u2011Party Anchors",
              "entries": [
                {
                  "text": "Corroborate internal narratives with third\u2011party logs and notes, including ambulance call and support\u2011service liaison.",
                  "vex_tags": [
                    "RECORDS_AUDIT"
                  ],
                  "contradictions": [],
                  "timeline_hooks": [
                    "PersonalEvidence",
                    "SussexPolice"
                  ],
                  "legal_refs": [],
                  "evidence_refs": [
                    "AMBULANCE_2025-05-27_1758_Call_Transcript.txt",
                    "Veritas_A10_EmmaJones_export.txt"
                  ],
                  "emotional_tone": "determined",
                  "undated_flag": false,
                  "metrics": {}
                }
              ],
              "delta_findings": []
            },
            {
              "id": "3.8",
              "title": "Brighton Fringe: Safeguarding Evasion & Retaliatory Narrative",
              "entries": [
                {
                  "text": "Track selective minutes and safeguarding non\u2011response; map decision points to governance duties.",
                  "vex_tags": [
                    "GOVERNANCE_FAILURE",
                    "SAFEGUARDING_FAILURE",
                    "REPUTATIONAL_HARM"
                  ],
                  "contradictions": [],
                  "timeline_hooks": [
                    "BrightonFringe"
                  ],
                  "legal_refs": [],
                  "evidence_refs": [
                    "EMAIL_2025-07-20_BF_Minutes_Refusal.eml"
                  ],
                  "emotional_tone": "determined",
                  "undated_flag": false,
                  "metrics": {}
                }
              ],
              "delta_findings": []
            },
            {
              "id": "3.9",
              "title": "What Independent Review Should Do Now",
              "entries": [
                {
                  "text": "Produce audit logs, correct records, re\u2011review outcomes with complete evidence, and implement safeguarding remediation.",
                  "vex_tags": [
                    "RECORDS_AUDIT",
                    "VICTIMS_CODE"
                  ],
                  "contradictions": [],
                  "timeline_hooks": [
                    "SussexPolice",
                    "PersonalEvidence"
                  ],
                  "legal_refs": [],
                  "evidence_refs": [],
                  "emotional_tone": "determined",
                  "undated_flag": false,
                  "metrics": {}
                }
              ],
              "delta_findings": []
            }
          ]
        }
      ]
    },
    {
      "id": "C2",
      "title": "Coercion Becomes a Dance (Chapter)",
      "series_key": "chapter_coercion_dance",
      "parts": [
        {
          "part": 1,
          "entries": [
            {
              "text": "After the welfare check, responses moved from people to reputation: stall \u2192 inversion \u2192 silence; outcomes routed elsewhere.",
              "vex_tags": [
                "DEATH_BY_SILENCE",
                "SAFEGUARDING_FAILURE",
                "REPUTATIONAL_HARM",
                "WELFARE_CHECK",
                "DISSOCIATION_EFFECT"
              ],
              "contradictions": [
                "DEATH_BY_SILENCE"
              ],
              "timeline_hooks": [
                "SussexPolice",
                "PersonalEvidence"
              ],
              "legal_refs": [],
              "evidence_refs": [
                "WELFARE_CHECK_RECORD_DATE_TBC.txt",
                "TRANSCRIPT_2025-04-11_101_Crowbarring_Myself_Justice_(1..3).txt",
                "AMBULANCE_2025-05-27_1758_Call_Transcript.txt",
                "VOICEMAIL_2025-05-27_101_Suicide_Acknowledged.mp3",
                "101_2025-06-22_Monologue_Transcript.txt",
                "EMAIL_2025-04-27_NFA_to_Suspect_prior_meeting.eml",
                "WhatsApp_A09_PC_Dixon_export.txt",
                "SAR_2025-06-25_Refusal_After_Closure.pdf"
              ],
              "emotional_tone": "determined",
              "undated_flag": true,
              "metrics": {}
            },
            {
              "text": "Compute \u0394t from each duty-trigger to first substantive response; the harm function H(t) grows with delay.",
              "vex_tags": [
                "DEATH_BY_SILENCE",
                "SAFEGUARDING_FAILURE"
              ],
              "contradictions": [],
              "timeline_hooks": [
                "Death By Silence"
              ],
              "legal_refs": [],
              "evidence_refs": [],
              "emotional_tone": "determined",
              "undated_flag": false,
              "metrics": {
                "delta_t_days": null,
                "unanswered_contacts": null
              }
            }
          ],
          "delta_findings": []
        },
        {
          "part": 2,
          "entries": [
            {
              "text": "Follow\u2011up attendance with recognition of 'Duffy\u2019s tricks' and an imminent\u2011risk statement to 101; safeguarding escalation still required self\u2011triage.",
              "vex_tags": [
                "WELFARE_CHECK",
                "DEATH_BY_SILENCE",
                "SAFEGUARDING_FAILURE",
                "INSTITUTIONAL_FAMILIARITY",
                "IMMINENT_RISK_STATEMENT",
                "REPUTATIONAL_HARM"
              ],
              "contradictions": [
                "DEATH_BY_SILENCE"
              ],
              "timeline_hooks": [
                "SussexPolice"
              ],
              "legal_refs": [],
              "evidence_refs": [
                "CAD_FOLLOWUP_VISIT_DATE_TBC.txt",
                "101_CALL_Imminent_Risk_LINE_timestamp_TBC.txt"
              ],
              "emotional_tone": "wry",
              "undated_flag": true,
              "metrics": {}
            }
          ],
          "delta_findings": []
        }
      ]
    },
    {
      "id": "E1",
      "title": "Evidence Inserts",
      "series_key": "evidence_inserts",
      "parts": [
        {
          "part": 1,
          "entries": [
            {
              "text": "Police voicemail (27 May 2025, 18:19) acknowledges suicidality but delegates contact back to victim; no immediate escalation recorded.",
              "vex_tags": [
                "SUICIDAL_DISCLOSURE_ACKNOWLEDGED",
                "NO_ACTIVE_ESCALATION",
                "SAFEGUARDING_DUTY_FAILED",
                "TRAUMA_UNADDRESSED",
                "DEATH_BY_SILENCE"
              ],
              "contradictions": [
                "CROWBARRING_MYSELF_JUSTICE",
                "DEATH_BY_SILENCE",
                "They Saw, Paused, Reflected \u2014 and Chose Death"
              ],
              "timeline_hooks": [
                "SussexPolice",
                "Death By Silence"
              ],
              "legal_refs": [
                "Care Act 2014 s.42",
                "Victims' Code",
                "College of Policing \u2013 Suicidal Risk"
              ],
              "evidence_refs": [
                "EVID_2025-05-27_1819_Police_Voicemail_Suicide_Risk_Acknowledged.json",
                "IMG_2454.PNG",
                "27 May 2025 18.19 Sussex Police Voicemail.m4a"
              ],
              "emotional_tone": "matter_of_fact",
              "undated_flag": false,
              "metrics": {
                "datetime": "2025-05-27T18:19:00Z"
              }
            },
            {
              "text": "Welfare check (17 May 2025, 17:33) by Amy (EA734) & Sam (EA820): unannounced; unfamiliar with case; framed as support. 41 days after suicide attempt; 20 days after MEAC/MASH discussion.",
              "vex_tags": [
                "WELFARE_CHECK",
                "LATE_INTERVENTION_AFTER_SUICIDE",
                "DAMAGE_CONTROL_VISIT",
                "INSTITUTIONAL_GASLIGHTING",
                "FORCED_NARRATIVE_RESET",
                "DEATH_BY_SILENCE"
              ],
              "contradictions": [
                "They Saw, Paused, Reflected \u2014 and Chose Death",
                "CROWBARRING_MYSELF_JUSTICE"
              ],
              "timeline_hooks": [
                "SussexPolice",
                "Death By Silence"
              ],
              "legal_refs": [
                "Care Act 2014 s.42",
                "Victims' Code",
                "College of Policing \u2014 Suicidal Risk"
              ],
              "evidence_refs": [
                "EVID_2025-05-17_1733_Welfare_Check_SussexPolice.json",
                "Covert Welfare Check as Damage Control_ Sussex Police Turn Up Unexpectedly (17 May 2025, 17_33).txt"
              ],
              "emotional_tone": "matter_of_fact",
              "undated_flag": false,
              "metrics": {
                "days_since_suicide_attempt": 41,
                "days_since_meeting": 20
              }
            },
            {
              "text": "PC Clarke welfare-texts sequence (11:56 \u2192 16:17) precedes 17:33 unannounced welfare visit; uses scripted \u2018concern for your welfare\u2019 language; no case ownership.",
              "vex_tags": [
                "WELFARE_CHECK",
                "CONCERN_FOR_WELFARE_PRETEXT",
                "NO_CASE_OWNERSHIP",
                "DAMAGE_CONTROL_VISIT",
                "DEATH_BY_SILENCE"
              ],
              "contradictions": [
                "DEATH_BY_SILENCE"
              ],
              "timeline_hooks": [
                "SussexPolice",
                "Death By Silence"
              ],
              "legal_refs": [
                "Victims' Code"
              ],
              "evidence_refs": [
                "EVID_2025-05-17_PC_Clarke_Welfare_Pretext.json",
                "Pc Clarke - nice try mate.pdf"
              ],
              "emotional_tone": "matter_of_fact",
              "undated_flag": false,
              "metrics": {
                "pre_to_attendance_minutes": 76
              }
            }
          ],
          "delta_findings": []
        }
      ]
    }
  ]
}