{
  "meta": {
    "name": "VEX_PATCH_Maggots_Law",
    "series_title": "The Undercover Victim",
    "chapter": "The Maggots\u2019 Law",
    "version": "v1",
    "generated_utc": "2025-08-26T04:47:26.828099Z"
  },
  "extend_tag_legend": {
    "GAPING_HOLE": "Systemic gaps in logs, missing audio, absent decision ownership, or unresolved start dates.",
    "PLACEHOLDER_CONTACT": "Visible contact absorbs traffic while decisions occur off\u2011page.",
    "BAD_APPLE_SCAPEGOAT": "Personnel/contract termination used to simulate accountability while process remains unchanged.",
    "CORE_ROT": "Organisation\u2011level decay: outcomes routed around victims, post\u2011closure refusals, contradictory chronology."
  },
  "entries": [
    {
      "chapter_ref": "The Maggots\u2019 Law",
      "text": "The Gaping Hole: missing risk logs, ambiguous audio retention, and conflicting start dates shift the narrative from evidential to anecdotal.",
      "vex_tags": [
        "GAPING_HOLE",
        "SAFEGUARDING_FAILURE",
        "RECORDS_AUDIT",
        "EVIDENCE_SUPPRESSION"
      ],
      "contradictions": [
        "LOST_EVIDENCE_SUSSEX_POLICE",
        "DEATH_BY_SILENCE"
      ],
      "timeline_hooks": [
        "SussexPolice"
      ],
      "evidence_refs": [
        "EVID_2024-07-XX_July_Call.mp3",
        "LOG_2024-11-07_Dixon_listened_deleted.txt",
        "NOTE_2025-04-06_Suicide_Attempt.txt",
        "TRANSCRIPT_2025-04-11_101_Crowbarring_Myself_Justice_(1..3).txt",
        "SAR_2025-06-25_Refusal_After_Closure.pdf"
      ]
    },
    {
      "chapter_ref": "The Maggots\u2019 Law",
      "text": "The Placeholder: a visible contact fields communications while key decisions are taken by unnamed people.",
      "vex_tags": [
        "PLACEHOLDER_CONTACT",
        "DEATH_BY_SILENCE"
      ],
      "contradictions": [
        "DEATH_BY_SILENCE"
      ],
      "timeline_hooks": [
        "SussexPolice"
      ],
      "evidence_refs": [
        "WhatsApp_A09_PC_Dixon_export.txt",
        "EMAIL_2025-04-27_NFA_to_Suspect_prior_meeting.eml"
      ]
    },
    {
      "chapter_ref": "The Maggots\u2019 Law",
      "text": "The Bad\u2011Apple Scapegoat: terminations or disciplinary gestures used to mask unchanged processes and decision paths.",
      "vex_tags": [
        "BAD_APPLE_SCAPEGOAT",
        "GOVERNANCE_FAILURE",
        "REPUTATIONAL_HARM"
      ],
      "contradictions": [
        "DUNCAN_ASSISTED_ERASURE"
      ],
      "timeline_hooks": [
        "BrightonFringe"
      ],
      "evidence_refs": [
        "EMAIL_2025-07-20_BF_Minutes_Refusal.eml"
      ]
    },
    {
      "chapter_ref": "The Maggots\u2019 Law",
      "text": "Core Rot: outcomes sent to suspects without notifying victims; post\u2011closure data refusals; unresolved chronology.",
      "vex_tags": [
        "CORE_ROT",
        "NFA_PREMATURE_COMMUNICATION",
        "GDPR_ACCESS_REFUSAL",
        "TIMELINE_MANIPULATION"
      ],
      "contradictions": [
        "DEATH_BY_SILENCE"
      ],
      "timeline_hooks": [
        "SussexPolice",
        "PersonalEvidence"
      ],
      "evidence_refs": [
        "EMAIL_2025-04-27_NFA_to_Suspect_prior_meeting.eml",
        "VOICEMAIL_2025-05-27_101_Suicide_Acknowledged.mp3",
        "AMBULANCE_2025-05-27_1758_Call_Transcript.txt"
      ]
    }
  ]
}