{
  "vex_id": "VEX_2025-06-23_Not_Vulnerable_Promise",
  "title": "Not Vulnerable\u2026 Not Me Never\u2026 Promise",
  "date": "2025-06-23",
  "type": "interlude_reflection",
  "source": "SECTION_3_WORKING_DRAFT_v1.1.md",
  "quote": "I was the victim. And I was being dismantled.",
  "tags": [
    "GRIEF_LOOP",
    "ERASURE_RECOGNITION",
    "FAKE_JUSTICE",
    "INSTITUTIONAL_ABANDONMENT",
    "COVER_UP_CLARITY",
    "TRUTH_VS_SANITY",
    "NO_ONE_TO_TELL",
    "PLAN_A_PROVED",
    "VICTIM_IDENTITY_ERASURE",
    "DEATH_BY_SILENCE"
  ],
  "linked_timeline": [
    "2025-06-23",
    "POST_LOOP_DEFENSE"
  ],
  "emotional_tone": "grief-disguised-as-control"
}