{
  "meta": {
    "source_file_name": "_chat 34.txt",
    "source_sha256": "1d280cde6676068c6d4ff749ff5aa67e0508e468fba335cdf197b1d369d4bf2f",
    "contact": "Veritas Justice (Ortiz)",
    "full_vex": true,
    "legal_mapping": [
      "Victims\u2019 Code \u2013 right to updates and communication",
      "DPA 2018 Part 3 \u2013 data sharing to third-party support (Veritas)",
      "Bail status enquiries \u2013 police disclosure practice (non-statutory)"
    ],
    "clusters": [
      "WHATSAPP_THREAD",
      "DEATH_BY_SILENCE",
      "VERITAS_SUPPORT"
    ],
    "time_span_utc": {
      "start": "2025-03-27T17:24:29Z",
      "end": "2025-05-14T11:28:31Z"
    }
  },
  "entries": [
    {
      "vex_id": "A10-L0001",
      "line_index": 1,
      "timestamp_utc": "2025-03-27T17:24:29Z",
      "date": "2025-03-27",
      "time": "17:24:29",
      "speaker": "Emma (Veritas Justice)",
      "quote": "\u200eMessages and calls are end-to-end encrypted. Only people in this chat can read, listen to, or share them.",
      "tags": [
        "PARTY::VERITAS_ORITZ"
      ],
      "people": [
        "Emma (Veritas Justice)"
      ],
      "evidence_links": {
        "chat_filename": "_chat 34.txt",
        "timecode_start": "17:24:29",
        "timecode_end": null,
        "transcript_alignment_confidence": "high (chat timestamp)"
      }
    },
    {
      "vex_id": "A10-L0002",
      "line_index": 2,
      "timestamp_utc": "2025-03-27T17:24:29Z",
      "date": "2025-03-27",
      "time": "17:24:29",
      "speaker": "Emma (Veritas Justice)",
      "quote": "\u200eVeritas Stalking Handling is a contact.",
      "tags": [
        "PARTY::VERITAS_ORITZ"
      ],
      "people": [
        "Emma (Veritas Justice)"
      ],
      "evidence_links": {
        "chat_filename": "_chat 34.txt",
        "timecode_start": "17:24:29",
        "timecode_end": null,
        "transcript_alignment_confidence": "high (chat timestamp)"
      }
    },
    {
      "vex_id": "A10-L0003",
      "line_index": 3,
      "timestamp_utc": "2025-03-27T17:24:21Z",
      "date": "2025-03-27",
      "time": "17:24:21",
      "speaker": "Emma (Veritas Justice)",
      "quote": "\u200eVoice call, \u200e7 min",
      "tags": [
        "CALL::VOICE",
        "PARTY::VERITAS_ORITZ"
      ],
      "people": [
        "Emma (Veritas Justice)"
      ],
      "evidence_links": {
        "chat_filename": "_chat 34.txt",
        "timecode_start": "17:24:21",
        "timecode_end": null,
        "transcript_alignment_confidence": "high (chat timestamp)"
      }
    },
    {
      "vex_id": "A10-L0004",
      "line_index": 4,
      "timestamp_utc": "2025-04-14T11:31:11Z",
      "date": "2025-04-14",
      "time": "11:31:11",
      "speaker": "Emma (Veritas Justice)",
      "quote": "\u200eVoice call, \u200e16 min",
      "tags": [
        "CALL::VOICE",
        "PARTY::VERITAS_ORITZ"
      ],
      "people": [
        "Emma (Veritas Justice)"
      ],
      "evidence_links": {
        "chat_filename": "_chat 34.txt",
        "timecode_start": "11:31:11",
        "timecode_end": null,
        "transcript_alignment_confidence": "high (chat timestamp)"
      }
    },
    {
      "vex_id": "A10-L0005",
      "line_index": 5,
      "timestamp_utc": "2025-04-14T11:47:11Z",
      "date": "2025-04-14",
      "time": "11:47:11",
      "speaker": "Emma (Veritas Justice)",
      "quote": "\u200eVoice call, \u200e25 min",
      "tags": [
        "CALL::VOICE",
        "PARTY::VERITAS_ORITZ"
      ],
      "people": [
        "Emma (Veritas Justice)"
      ],
      "evidence_links": {
        "chat_filename": "_chat 34.txt",
        "timecode_start": "11:47:11",
        "timecode_end": null,
        "transcript_alignment_confidence": "high (chat timestamp)"
      }
    },
    {
      "vex_id": "A10-L0006",
      "line_index": 6,
      "timestamp_utc": "2025-04-14T12:53:28Z",
      "date": "2025-04-14",
      "time": "12:53:28",
      "speaker": "Ben Carter",
      "quote": "\u200eVoice call, \u200eNo answer",
      "tags": [
        "CALL::NO_ANSWER",
        "CALL::VOICE",
        "PARTY::VERITAS_ORITZ"
      ],
      "people": [
        "Ben Carter"
      ],
      "evidence_links": {
        "chat_filename": "_chat 34.txt",
        "timecode_start": "12:53:28",
        "timecode_end": null,
        "transcript_alignment_confidence": "high (chat timestamp)"
      }
    },
    {
      "vex_id": "A10-L0007",
      "line_index": 7,
      "timestamp_utc": "2025-04-22T14:18:13Z",
      "date": "2025-04-22",
      "time": "14:18:13",
      "speaker": "Emma (Veritas Justice)",
      "quote": "\u200eMissed voice call, \u200eTap to call back",
      "tags": [
        "CALL::CALLBACK_PROMPT",
        "CALL::MISSED",
        "CALL::VOICE",
        "PARTY::VERITAS_ORITZ"
      ],
      "people": [
        "Emma (Veritas Justice)"
      ],
      "evidence_links": {
        "chat_filename": "_chat 34.txt",
        "timecode_start": "14:18:13",
        "timecode_end": null,
        "transcript_alignment_confidence": "high (chat timestamp)"
      }
    },
    {
      "vex_id": "A10-L0008",
      "line_index": 8,
      "timestamp_utc": "2025-04-22T14:20:35Z",
      "date": "2025-04-22",
      "time": "14:20:35",
      "speaker": "Emma (Veritas Justice)",
      "quote": "Hi Ben, I\u2019m Emma from Veritas the stalking service just returning your call. Please let me know when convenient for a chat. Kind regards. Emma",
      "tags": [
        "PARTY::VERITAS_ORITZ"
      ],
      "people": [
        "Emma (Veritas Justice)"
      ],
      "evidence_links": {
        "chat_filename": "_chat 34.txt",
        "timecode_start": "14:20:35",
        "timecode_end": null,
        "transcript_alignment_confidence": "high (chat timestamp)"
      }
    },
    {
      "vex_id": "A10-L0009",
      "line_index": 9,
      "timestamp_utc": "2025-04-23T16:22:33Z",
      "date": "2025-04-23",
      "time": "16:22:33",
      "speaker": "Emma (Veritas Justice)",
      "quote": "\u200eMissed voice call, \u200eTap to call back",
      "tags": [
        "CALL::CALLBACK_PROMPT",
        "CALL::MISSED",
        "CALL::VOICE",
        "PARTY::VERITAS_ORITZ"
      ],
      "people": [
        "Emma (Veritas Justice)"
      ],
      "evidence_links": {
        "chat_filename": "_chat 34.txt",
        "timecode_start": "16:22:33",
        "timecode_end": null,
        "transcript_alignment_confidence": "high (chat timestamp)"
      }
    },
    {
      "vex_id": "A10-L0010",
      "line_index": 10,
      "timestamp_utc": "2025-04-23T16:47:41Z",
      "date": "2025-04-23",
      "time": "16:47:41",
      "speaker": "Emma (Veritas Justice)",
      "quote": "\u200eVoice call, \u200e44 min",
      "tags": [
        "CALL::VOICE",
        "PARTY::VERITAS_ORITZ"
      ],
      "people": [
        "Emma (Veritas Justice)"
      ],
      "evidence_links": {
        "chat_filename": "_chat 34.txt",
        "timecode_start": "16:47:41",
        "timecode_end": null,
        "transcript_alignment_confidence": "high (chat timestamp)"
      }
    },
    {
      "vex_id": "A10-L0011",
      "line_index": 11,
      "timestamp_utc": "2025-05-07T14:22:23Z",
      "date": "2025-05-07",
      "time": "14:22:23",
      "speaker": "Emma (Veritas Justice)",
      "quote": "\u200eVoice call, \u200e15 min",
      "tags": [
        "CALL::VOICE",
        "PARTY::VERITAS_ORITZ"
      ],
      "people": [
        "Emma (Veritas Justice)"
      ],
      "evidence_links": {
        "chat_filename": "_chat 34.txt",
        "timecode_start": "14:22:23",
        "timecode_end": null,
        "transcript_alignment_confidence": "high (chat timestamp)"
      }
    },
    {
      "vex_id": "A10-L0012",
      "line_index": 12,
      "timestamp_utc": "2025-05-07T14:35:23Z",
      "date": "2025-05-07",
      "time": "14:35:23",
      "speaker": "Emma (Veritas Justice)",
      "quote": "Emma.jones@veritas-justice.co.uk",
      "tags": [
        "PARTY::VERITAS_ORITZ",
        "RECORDS::EMAIL_ADDRESS_EMMA"
      ],
      "people": [
        "Emma (Veritas Justice)"
      ],
      "evidence_links": {
        "chat_filename": "_chat 34.txt",
        "timecode_start": "14:35:23",
        "timecode_end": null,
        "transcript_alignment_confidence": "high (chat timestamp)"
      }
    },
    {
      "vex_id": "A10-L0013",
      "line_index": 13,
      "timestamp_utc": "2025-05-09T15:44:34Z",
      "date": "2025-05-09",
      "time": "15:44:34",
      "speaker": "Ben Carter",
      "quote": "\u200eVoice call, \u200eNo answer",
      "tags": [
        "CALL::NO_ANSWER",
        "CALL::VOICE",
        "PARTY::VERITAS_ORITZ"
      ],
      "people": [
        "Ben Carter"
      ],
      "evidence_links": {
        "chat_filename": "_chat 34.txt",
        "timecode_start": "15:44:34",
        "timecode_end": null,
        "transcript_alignment_confidence": "high (chat timestamp)"
      }
    },
    {
      "vex_id": "A10-L0014",
      "line_index": 14,
      "timestamp_utc": "2025-05-09T16:48:30Z",
      "date": "2025-05-09",
      "time": "16:48:30",
      "speaker": "Ben Carter",
      "quote": "\u200eVoice call, \u200eNo answer",
      "tags": [
        "CALL::NO_ANSWER",
        "CALL::VOICE",
        "PARTY::VERITAS_ORITZ"
      ],
      "people": [
        "Ben Carter"
      ],
      "evidence_links": {
        "chat_filename": "_chat 34.txt",
        "timecode_start": "16:48:30",
        "timecode_end": null,
        "transcript_alignment_confidence": "high (chat timestamp)"
      }
    },
    {
      "vex_id": "A10-L0015",
      "line_index": 15,
      "timestamp_utc": "2025-05-09T16:55:37Z",
      "date": "2025-05-09",
      "time": "16:55:37",
      "speaker": "Ben Carter",
      "quote": "\u200eaudio omitted",
      "tags": [
        "PARTY::VERITAS_ORITZ"
      ],
      "people": [
        "Ben Carter"
      ],
      "evidence_links": {
        "chat_filename": "_chat 34.txt",
        "timecode_start": "16:55:37",
        "timecode_end": null,
        "transcript_alignment_confidence": "high (chat timestamp)"
      }
    },
    {
      "vex_id": "A10-L0016",
      "line_index": 16,
      "timestamp_utc": "2025-05-11T20:28:17Z",
      "date": "2025-05-11",
      "time": "20:28:17",
      "speaker": "Ben Carter",
      "quote": "Please i need confirmation she is still on bail \ud83d\ude22",
      "tags": [
        "PARTY::VERITAS_ORITZ",
        "RECORDS::BAIL_STATUS"
      ],
      "people": [
        "Ben Carter"
      ],
      "evidence_links": {
        "chat_filename": "_chat 34.txt",
        "timecode_start": "20:28:17",
        "timecode_end": null,
        "transcript_alignment_confidence": "high (chat timestamp)"
      }
    },
    {
      "vex_id": "A10-L0017",
      "line_index": 17,
      "timestamp_utc": "2025-05-11T20:29:52Z",
      "date": "2025-05-11",
      "time": "20:29:52",
      "speaker": "Ben Carter",
      "quote": "The brighton fringe are treating us as separate partners, she is my abuser not my partner. My acts are being told that there is a dispute between us, as she\u2019s photoshopped herself off bail",
      "tags": [
        "ORG::BRIGHTON_FRINGE",
        "PARTY::VERITAS_ORITZ",
        "RECORDS::BAIL_STATUS"
      ],
      "people": [
        "Ben Carter"
      ],
      "evidence_links": {
        "chat_filename": "_chat 34.txt",
        "timecode_start": "20:29:52",
        "timecode_end": null,
        "transcript_alignment_confidence": "high (chat timestamp)"
      }
    },
    {
      "vex_id": "A10-L0018",
      "line_index": 18,
      "timestamp_utc": "2025-05-12T13:02:08Z",
      "date": "2025-05-12",
      "time": "13:02:08",
      "speaker": "Emma (Veritas Justice)",
      "quote": "Good morning Ben, I hope you are well. I\u2019m sorry to hear about the difficulties you have had with Alana. I have now written to one of the police supervisors to confirm the status of the bail conditions and the investigation and I will get back to you as soon as I hear back from them. in the meantime could you please provide access to your Google Drive by replying to an email From admin@veritas-justice.co.uk so that our technical support person can scan and download the material, many thanks, and I will be in touch soon",
      "tags": [
        "PARTY::VERITAS_ORITZ",
        "RECORDS::BAIL_STATUS",
        "RECORDS::EMAIL_ADDRESS_ADMIN",
        "RECORDS::POLICE_SUPERVISOR_CONTACT"
      ],
      "people": [
        "Emma (Veritas Justice)"
      ],
      "evidence_links": {
        "chat_filename": "_chat 34.txt",
        "timecode_start": "13:02:08",
        "timecode_end": null,
        "transcript_alignment_confidence": "high (chat timestamp)"
      }
    },
    {
      "vex_id": "A10-L0019",
      "line_index": 19,
      "timestamp_utc": "2025-05-12T14:22:19Z",
      "date": "2025-05-12",
      "time": "14:22:19",
      "speaker": "Ben Carter",
      "quote": "No way pc dixon is still my officer",
      "tags": [
        "PARTY::VERITAS_ORITZ"
      ],
      "people": [
        "Ben Carter"
      ],
      "evidence_links": {
        "chat_filename": "_chat 34.txt",
        "timecode_start": "14:22:19",
        "timecode_end": null,
        "transcript_alignment_confidence": "high (chat timestamp)"
      }
    },
    {
      "vex_id": "A10-L0020",
      "line_index": 20,
      "timestamp_utc": "2025-05-12T14:22:34Z",
      "date": "2025-05-12",
      "time": "14:22:34",
      "speaker": "Ben Carter",
      "quote": "\u200eimage omitted",
      "tags": [
        "PARTY::VERITAS_ORITZ"
      ],
      "people": [
        "Ben Carter"
      ],
      "evidence_links": {
        "chat_filename": "_chat 34.txt",
        "timecode_start": "14:22:34",
        "timecode_end": null,
        "transcript_alignment_confidence": "high (chat timestamp)"
      }
    },
    {
      "vex_id": "A10-L0021",
      "line_index": 21,
      "timestamp_utc": "2025-05-12T14:22:53Z",
      "date": "2025-05-12",
      "time": "14:22:53",
      "speaker": "Ben Carter",
      "quote": "\u200eimage omitted",
      "tags": [
        "PARTY::VERITAS_ORITZ"
      ],
      "people": [
        "Ben Carter"
      ],
      "evidence_links": {
        "chat_filename": "_chat 34.txt",
        "timecode_start": "14:22:53",
        "timecode_end": null,
        "transcript_alignment_confidence": "high (chat timestamp)"
      }
    },
    {
      "vex_id": "A10-L0022",
      "line_index": 22,
      "timestamp_utc": "2025-05-12T14:23:02Z",
      "date": "2025-05-12",
      "time": "14:23:02",
      "speaker": "Ben Carter",
      "quote": "\u200eimage omitted",
      "tags": [
        "PARTY::VERITAS_ORITZ"
      ],
      "people": [
        "Ben Carter"
      ],
      "evidence_links": {
        "chat_filename": "_chat 34.txt",
        "timecode_start": "14:23:02",
        "timecode_end": null,
        "transcript_alignment_confidence": "high (chat timestamp)"
      }
    },
    {
      "vex_id": "A10-L0023",
      "line_index": 23,
      "timestamp_utc": "2025-05-12T14:23:34Z",
      "date": "2025-05-12",
      "time": "14:23:34",
      "speaker": "Ben Carter",
      "quote": "You were in the meeting",
      "tags": [
        "PARTY::VERITAS_ORITZ"
      ],
      "people": [
        "Ben Carter"
      ],
      "evidence_links": {
        "chat_filename": "_chat 34.txt",
        "timecode_start": "14:23:34",
        "timecode_end": null,
        "transcript_alignment_confidence": "high (chat timestamp)"
      }
    },
    {
      "vex_id": "A10-L0024",
      "line_index": 24,
      "timestamp_utc": "2025-05-12T14:23:47Z",
      "date": "2025-05-12",
      "time": "14:23:47",
      "speaker": "Ben Carter",
      "quote": "Can you not confirm?",
      "tags": [
        "PARTY::VERITAS_ORITZ"
      ],
      "people": [
        "Ben Carter"
      ],
      "evidence_links": {
        "chat_filename": "_chat 34.txt",
        "timecode_start": "14:23:47",
        "timecode_end": null,
        "transcript_alignment_confidence": "high (chat timestamp)"
      }
    },
    {
      "vex_id": "A10-L0025",
      "line_index": 25,
      "timestamp_utc": "2025-05-12T14:28:07Z",
      "date": "2025-05-12",
      "time": "14:28:07",
      "speaker": "Ben Carter",
      "quote": "You\u2019re asking for evidence for a folder I\u2019ve sent to the iopc and cc\u2019d in sussex police but didn\u2019t give them access",
      "tags": [
        "ORG::IOPC",
        "ORG::SUSSEX_POLICE",
        "PARTY::VERITAS_ORITZ"
      ],
      "people": [
        "Ben Carter"
      ],
      "evidence_links": {
        "chat_filename": "_chat 34.txt",
        "timecode_start": "14:28:07",
        "timecode_end": null,
        "transcript_alignment_confidence": "high (chat timestamp)"
      }
    },
    {
      "vex_id": "A10-L0026",
      "line_index": 26,
      "timestamp_utc": "2025-05-12T14:35:18Z",
      "date": "2025-05-12",
      "time": "14:35:18",
      "speaker": "Emma (Veritas Justice)",
      "quote": "\u200eMissed voice call, \u200eTap to call back",
      "tags": [
        "CALL::CALLBACK_PROMPT",
        "CALL::MISSED",
        "CALL::VOICE",
        "PARTY::VERITAS_ORITZ"
      ],
      "people": [
        "Emma (Veritas Justice)"
      ],
      "evidence_links": {
        "chat_filename": "_chat 34.txt",
        "timecode_start": "14:35:18",
        "timecode_end": null,
        "transcript_alignment_confidence": "high (chat timestamp)"
      }
    },
    {
      "vex_id": "A10-L0027",
      "line_index": 27,
      "timestamp_utc": "2025-05-12T14:58:39Z",
      "date": "2025-05-12",
      "time": "14:58:39",
      "speaker": "Ben Carter",
      "quote": "\u200eVoice call, \u200e5 min",
      "tags": [
        "CALL::VOICE",
        "PARTY::VERITAS_ORITZ"
      ],
      "people": [
        "Ben Carter"
      ],
      "evidence_links": {
        "chat_filename": "_chat 34.txt",
        "timecode_start": "14:58:39",
        "timecode_end": null,
        "transcript_alignment_confidence": "high (chat timestamp)"
      }
    },
    {
      "vex_id": "A10-L0028",
      "line_index": 28,
      "timestamp_utc": "2025-05-12T16:05:58Z",
      "date": "2025-05-12",
      "time": "16:05:58",
      "speaker": "Ben Carter",
      "quote": "\u200eVoice call, \u200eNo answer",
      "tags": [
        "CALL::NO_ANSWER",
        "CALL::VOICE",
        "PARTY::VERITAS_ORITZ"
      ],
      "people": [
        "Ben Carter"
      ],
      "evidence_links": {
        "chat_filename": "_chat 34.txt",
        "timecode_start": "16:05:58",
        "timecode_end": null,
        "transcript_alignment_confidence": "high (chat timestamp)"
      }
    },
    {
      "vex_id": "A10-L0029",
      "line_index": 29,
      "timestamp_utc": "2025-05-12T16:06:55Z",
      "date": "2025-05-12",
      "time": "16:06:55",
      "speaker": "Ben Carter",
      "quote": "Please whats stalling such an important email \ud83d\ude22",
      "tags": [
        "PARTY::VERITAS_ORITZ"
      ],
      "people": [
        "Ben Carter"
      ],
      "evidence_links": {
        "chat_filename": "_chat 34.txt",
        "timecode_start": "16:06:55",
        "timecode_end": null,
        "transcript_alignment_confidence": "high (chat timestamp)"
      }
    },
    {
      "vex_id": "A10-L0030",
      "line_index": 30,
      "timestamp_utc": "2025-05-12T18:22:06Z",
      "date": "2025-05-12",
      "time": "18:22:06",
      "speaker": "Ben Carter",
      "quote": "\u200eVoice call, \u200eNo answer",
      "tags": [
        "CALL::NO_ANSWER",
        "CALL::VOICE",
        "PARTY::VERITAS_ORITZ"
      ],
      "people": [
        "Ben Carter"
      ],
      "evidence_links": {
        "chat_filename": "_chat 34.txt",
        "timecode_start": "18:22:06",
        "timecode_end": null,
        "transcript_alignment_confidence": "high (chat timestamp)"
      }
    },
    {
      "vex_id": "A10-L0031",
      "line_index": 31,
      "timestamp_utc": "2025-05-13T19:37:54Z",
      "date": "2025-05-13",
      "time": "19:37:54",
      "speaker": "Ben Carter",
      "quote": "\u200eVoice call, \u200eNo answer",
      "tags": [
        "CALL::NO_ANSWER",
        "CALL::VOICE",
        "PARTY::VERITAS_ORITZ"
      ],
      "people": [
        "Ben Carter"
      ],
      "evidence_links": {
        "chat_filename": "_chat 34.txt",
        "timecode_start": "19:37:54",
        "timecode_end": null,
        "transcript_alignment_confidence": "high (chat timestamp)"
      }
    },
    {
      "vex_id": "A10-L0032",
      "line_index": 32,
      "timestamp_utc": "2025-05-14T11:28:31Z",
      "date": "2025-05-14",
      "time": "11:28:31",
      "speaker": "Ben Carter",
      "quote": "\u200eVoice call, \u200e50 min",
      "tags": [
        "CALL::VOICE",
        "PARTY::VERITAS_ORITZ"
      ],
      "people": [
        "Ben Carter"
      ],
      "evidence_links": {
        "chat_filename": "_chat 34.txt",
        "timecode_start": "11:28:31",
        "timecode_end": null,
        "transcript_alignment_confidence": "high (chat timestamp)"
      }
    }
  ]
}