{
  "meta": {
    "evidence_id": "VEX_2025-05-16_CRN_47250093423_Update_Email",
    "title": "16 May 2025 — ‘Update on your case’ (CRN 47250093423) + June 29–30 replies",
    "date_local": "2025-05-16",
    "parties": [
      "Ben Carter",
      "Sussex Police (Citizen Portal)"
    ],
    "clusters": [
      "SUSSEX_POLICE",
      "CRIME_REF_47250093423_THREAD",
      "NICE_LINKS",
      "HONEY_POT_PROBE"
    ],
    "status": "source_verified_from_pdf",
    "source_files": [
      "16 May 2025 at 12-37 - Update on your case. Crime Reference Number_ 47250093423.pdf"
    ],
    "version": "1.0.0"
  },
  "claim_summary": "Official citizen-portal email confirms CRN 47250093423 for Stalking & Harassment (12:37 on 16 May 2025). Thread later includes user replies on 29–30 June asking for NICE links/evidence submission, and attaching materials used in the June ‘honey pot’ probe.",
  "key_points": [
    "CRN 47250093423 explicitly set for offence: Stalking and Harassment.",
    "Portal ‘click/view’ tracking URLs present; thread shows user follow‑ups on 29–30 June 2025.",
    "User requests NICE links or alternatives (flash drive/Google Drive) to submit evidence.",
    "Subsequent messages include ‘proof of address’ and the deliberate ‘wrong one’ note aligned to honey‑pot test."
  ],
  "contradictions": [
    {
      "code": "EVIDENCE_SUBMISSION_GAP",
      "claim": "Despite live CRN, user reports not receiving NICE links to submit evidence.",
      "impact": [
        "Submission friction; delays to investigation; Victims’ Code update concerns."
      ]
    },
    {
      "code": "RECORD_INTEGRITY",
      "claim": "Thread becomes a live venue for the honey‑pot probe, testing system validation of contradictory statements.",
      "impact": [
        "Confidence in data quality affected; audit trail complexity increases."
      ]
    }
  ],
  "key_quotes": [
    {
      "source": "Portal header",
      "text": "Your unique Crime Reference number is 47250093423 which has been recorded for the offence of Stalking And Harassment.",
      "grade": "gold"
    },
    {
      "source": "User reply (Jun 29)",
      "text": "Hiya I havent been provided with any nice links… is there anyway I can prove I am me???",
      "grade": "silver"
    },
    {
      "source": "User reply (Jun 30, 00:06)",
      "text": "Heres my proof of address — [audio filename].",
      "grade": "silver"
    }
  ],
  "timeline_hooks": [
    {
      "when": "2025-05-16T12:37:00",
      "tz": "Europe/London",
      "tag": "CRN_ISSUED",
      "note": "CRN 47250093423 created for Stalking & Harassment."
    },
    {
      "when": "2025-06-29T23:53:00",
      "tz": "Europe/London",
      "tag": "USER_FOLLOW_UP",
      "note": "Requests NICE links; identity‑proofing question."
    },
    {
      "when": "2025-06-30T00:06:00",
      "tz": "Europe/London",
      "tag": "ATTACHMENT_SENT",
      "note": "‘Proof of address’ message includes audio filename."
    },
    {
      "when": "2025-06-30T00:10:00",
      "tz": "Europe/London",
      "tag": "HONEY_POT_MESSAGE",
      "note": "‘Sorry wrong one… sent via NICE link…’ message."
    }
  ],
  "links": {
    "citizen_portal_clicks": [
      "citizenportal.sussex.police.uk/?qs=…"
    ]
  },
  "hash": "7bcc5a88459478688deed493eea53bff50b44adc8ad31b76f41f41c7178dac5f"
}