{
  "meta": {
    "evidence_id": "VEX_2024-12-12_to_12-19_Email_Thread",
    "title": "12–19 Dec 2024 — December Email Thread (Chronology + Safeguarding)",
    "created_at": "2025-08-26T00:00:00Z",
    "type": "Email thread",
    "date_range_local": {
      "start": "2024-12-12",
      "end": "2024-12-19"
    },
    "parties": [
      "Ben Carter",
      "Sussex Police",
      "Related contacts"
    ],
    "clusters": [
      "DEATH_BY_SILENCE",
      "CRIME_REF_47240214305_THREAD"
    ],
    "source_files": [
      "ANALYSIS_3.43_DECEMBER_EMAIL_2024-12-10.json"
    ]
  },
  "summary": "December thread covering chronology and safeguarding concerns. Dates locked. Ready for granular quote extraction per message.",
  "police_position": "Unclear; used to show escalation and missing follow-up over this period.",
  "contradictions": [
    "CASE_CHRONOLOGY_ERASURE",
    "MISSING_VICTIM_UPDATES"
  ],
  "key_quotes": [],
  "timeline_hooks": [
    {
      "date": "2024-12-12",
      "title": "Start of December email thread",
      "link": "ANALYSIS_3.43_DECEMBER_EMAIL_2024-12-10.json"
    },
    {
      "date": "2024-12-19",
      "title": "End of December email thread",
      "link": "ANALYSIS_3.43_DECEMBER_EMAIL_2024-12-10.json"
    }
  ],
  "links": [],
  "quote_status": "missing_source_text"
}