[
  {
    "when": "2025-04-22T07:54:00",
    "title": "WhatsApp thread with PC Dixon",
    "summary": "Topics: NICE links, GP letter, CPS, July call, safeguarding concerns",
    "participants": [
      "Ben Carter",
      "PC Dixon"
    ]
  },
  {
    "when": "2025-07-04T07:04:00",
    "title": "Front Desk Visit \u2013 St John\u2019s Street",
    "summary": "Liz confirms improper crime number filing; VRR blocked; no contact since April.",
    "participants": [
      "Ben Carter",
      "Liz (Front Desk)"
    ]
  },
  {
    "when": "2025-04-29T00:00:00",
    "title": "Multi-agency Stalking Clinic (Veritas)",
    "summary": "Veritas mentions CPS clinic; contradicts police claim CPS not involved yet.",
    "participants": [
      "Veritas",
      "Ben Carter"
    ]
  }
]